Time,alt_msl_ft,ias_kt,vs_fps,pitch_deg,roll_deg,throttle
1,489.2444057,0,-0,1.675137613e-15,1.504891864e-15,0.2
1,489.2444057,0,-0,1.675137613e-15,1.504891864e-15,0.2
1,489.2444057,0,-0,1.675137613e-15,1.504891864e-15,0.2
1,489.2444057,0,-0,1.675137613e-15,1.504891864e-15,0.2
1,489.2444057,0,-0,1.675137613e-15,1.504891864e-15,0.2
2,492.2577019,98.21486108,8.520914383,4.638805115,0.4364369682,0.2
2,492.2577019,98.21486108,8.520914383,4.638805115,0.4364369682,0.2
2,492.2577019,98.21486108,8.520914383,4.638805115,0.4364369682,0.2
2,492.2577019,98.21486108,8.520914383,4.638805115,0.4364369682,0.2
2,492.2577019,98.21486108,8.520914383,4.638805115,0.4364369682,0.2
2.53333,505.7817502,93.71584662,17.92850157,8.249422461,1.370163987,0.2
2.53333,505.7817502,93.71584662,17.92850157,8.249422461,1.370163987,0.2
2.65833,516.3339958,91.00788625,21.45716948,9.831551897,1.267235067,0.2
2.80833,522.0591802,89.62344273,22.80061273,10.49576017,1.264975472,0.2
3.00833,526.7104453,88.51702771,23.66563421,10.96400234,1.307319418,0.2
3.20833,531.7224634,87.33767594,24.40482835,11.4073143,1.387667724,0.2
3.40833,536.4550234,86.23131621,24.94080564,11.77342795,1.482477088,0.2
3.60833,541.4881434,85.05835668,25.35374616,12.11132845,1.589287979,0.2
3.80833,546.5885676,83.86743347,25.59948227,12.41014415,1.664458382,0.2
4.00833,551.7262433,82.63734169,25.79179969,12.93124966,1.603319852,0.2
4.20833,556.9256487,81.39583781,26.21773037,13.52805067,1.503047393,0.2
4.40833,562.2227734,80.18499903,26.65913885,13.44627693,1.354712525,0.2
4.60833,567.5023085,79.065447,25.92992775,12.25380424,1.174518978,0.2
4.80833,572.4939406,78.0672099,23.89588737,10.82828343,0.9687910016,0.2
5.00833,577.0135548,77.1723179,21.31150072,9.621508742,0.7763130703,0.2
5.20833,581.0078508,76.3455729,18.71138724,8.573690872,0.7746762711,0.75
5.40833,584.5049161,75.55357483,16.35890719,7.642576833,0.9446114084,0.75
5.60833,587.5522916,74.80174278,14.19129727,6.680015758,1.157130919,0.75
5.80833,590.1749904,74.09586344,12.10076873,5.7341517,1.391588195,0.75
6.00833,592.3941672,73.43352653,10.18966792,4.996184217,1.623562321,0.75
6.68333,594.1173093,72.85709272,8.690930541,4.441029995,1.822492983,0.75
6.68333,594.1173093,72.85709272,8.690930541,4.441029995,1.822492983,0.75
6.68333,594.1173093,72.85709272,8.690930541,4.441029995,1.822492983,0.75
6.85833,597.6745118,71.37762689,5.567556982,3.161244062,2.31101687,0.75
7.01667,599.1980461,70.52730828,4.138796244,2.475248631,2.596148145,0.75
7.21667,599.9464323,70.00955508,3.395590148,2.114630713,2.787897463,0.75
7.41667,600.5582036,69.50060768,2.767183687,1.791132344,2.978678143,0.75
7.60833,601.0358086,69.01976415,2.250807824,1.498496499,3.142300105,0.75
7.81667,601.4511912,68.50292417,1.770172697,1.251203571,3.036652974,0.75
8.01667,601.7688623,68.0073262,1.427243399,1.1036885,2.632807153,0.75
8.2,602.0107322,67.54977022,1.209513595,1.038277396,2.010983967,0.75
8.4,602.2358829,67.0468352,1.049475624,0.911775439,1.294011958,0.75
8.60833,602.42868,66.53335191,0.7713077212,0.3052781255,0.6278595196,0.75
8.8,602.5067257,66.10149855,0.01331778219,-0.7368520633,-0.08037298297,0.75
9,602.3766312,65.7762926,-1.314987894,-1.952429358,-1.108748462,0.75
9.20833,601.9144267,65.61030864,-3.116320738,-3.161037323,-2.276803978,0.75
9.40833,601.0970725,65.60781581,-4.990175041,-4.031382418,-3.394986712,0.75
9.6,599.9727658,65.71612774,-6.669394602,-4.722137554,-4.450006228,0.75
9.80833,598.397025,65.93938469,-8.392401286,-5.538934744,-5.679619036,0.75
10,596.6276479,66.23357689,-10.01294463,-6.451277574,-7.262471935,0.75
10.2,594.4319532,66.62763041,-11.87990952,-7.524082532,-9.457743531,0.75
10.4083,591.7262823,67.12775804,-14.00364577,-8.627260713,-12.05101304,0.75
10.6,588.8337229,67.66159438,-16.06444146,-9.610339516,-14.49171424,0.75
10.8083,585.2304111,68.31490208,-18.3974591,-10.65681163,-17.1273435,0.75
11,581.6487887,68.94910998,-20.52660505,-11.56823431,-19.41056993,0.75
11.2167,576.9014445,69.7673908,-23.13781309,-12.64488407,-22.05364551,0.75
11.4,572.2199312,70.55209472,-25.53855873,-13.60758737,-24.32846917,0.75
11.6167,566.6010144,71.46520799,-28.23832669,-14.37970636,-25.59901518,0.75
11.8083,561.2398401,72.29597832,-30.13134517,-14.63774344,-25.40405356,0.75
12,554.5278425,73.2834679,-31.72573426,-14.90851719,-24.8097147,0.75
12.2083,548.0670232,74.19753158,-32.82737337,-15.27734135,-24.25084703,0.75
12.4167,541.3964382,75.11918774,-33.80758054,-15.7068192,-24.72084246,0.75
12.6083,534.5247304,76.05214214,-34.8022803,-16.11200265,-26.45192076,0.75
12.8083,527.4453486,76.99712456,-35.87514013,-16.49693521,-28.55791882,0.75
13,520.467283,77.90750025,-36.96660016,-16.58991737,-27.27002448,0.75
13.2083,512.7721911,78.82327228,-36.87314385,-15.05077203,-19.6086669,0.75
13.4083,505.9716765,79.4746825,-34.12808282,-12.67000371,-11.20925218,0.75
13.6,500.0959908,79.91190696,-30.05857414,-10.46379961,-3.720128879,0.75
13.8,494.167926,80.20484545,-24.71674543,-7.849736072,4.475994819,0.75
14,489.7034907,80.29967722,-19.93357148,-5.303890519,11.44192469,0.75
14.2083,486.0193086,80.24779402,-15.37103866,-2.595556346,18.2016223,0.75
14.4,483.4143795,80.08465543,-11.64405376,-0.2497876834,24.18687076,0.75
14.6083,481.3209486,79.80871277,-8.197927975,1.904290944,30.69570941,0.75
14.8083,479.9028649,79.47596062,-5.598779093,3.407286525,37.12336909,0.75
15,478.9532403,79.12190028,-3.842049378,4.19124719,42.96483217,0.75
15.2083,478.2597559,78.71872221,-2.615170781,4.250585095,45.47608741,0.75
15.4,477.9168788,78.28842446,-1.136978513,4.256543629,42.41360666,0.75
15.6083,478.0249814,77.67581488,1.92119319,4.77420528,37.55492459,0.75
15.8,478.8195558,76.94492636,6.074598008,5.51439927,33.48865949,0.75
16.125,480.5090631,76.06497717,10.35001358,5.48395885,30.08538505,0.75
16.2,482.9144855,75.22119061,13.20661843,4.698320341,27.39161409,0.75
16.4,485.7011713,74.4700797,14.23195428,4.03816205,24.71785673,0.75
16.6167,488.7283094,73.73694447,14.57246359,4.641504643,21.63882894,0.75
16.8083,491.7363244,73.02119238,15.3010637,6.213511602,18.3445532,0.75
17.0083,494.9617091,72.26090966,16.74969233,8.065544196,14.63834905,0.75
17.2,498.3516415,71.50870715,18.30602999,9.192711582,10.71459606,0.75
17.4,502.3231796,70.70652319,19.51988211,9.856638613,6.086379988,0.75
17.6083,506.322714,69.95231666,20.26372108,10.31194489,1.38768778,0.75
17.8083,510.4386565,69.20281755,20.76014906,10.7174015,-3.454085163,0.75
18,514.4546139,68.47997722,21.07352126,11.08819577,-8.135266805,0.75
18.2,518.686465,67.71696692,21.22171173,11.4729191,-12.9686155,0.75
18.4,522.9206625,66.94633931,21.14229624,11.87178656,-17.67531197,0.75
18.6083,527.1073621,66.17313491,20.78911048,12.31043725,-22.23987757,0.75
18.8,531.1922882,65.40262718,20.16837231,12.82597049,-26.66250377,0.75
19.0083,535.2848659,64.60644741,19.27369632,13.49218765,-31.17698064,0.75
19.2083,539.0202068,63.84620539,18.28500421,14.25366983,-35.47813504,0.75
19.4083,542.5425573,63.09109867,17.17764676,14.96182505,-39.78936421,0.75
19.6,545.6889481,62.42070072,15.92416984,15.4175895,-43.91955855,0.75
19.8083,548.8031462,61.75332239,14.28157076,15.47408895,-48.28553205,0.75
20.0083,551.4297053,61.19837804,12.21470355,14.5924765,-51.49424358,0.75
20.2083,553.5861362,60.77693427,9.545215937,12.7796235,-53.79503828,0.75
20.4083,555.1410638,60.52316541,6.223803247,10.14208968,-55.63530484,0.75
20.6083,555.9700046,60.44980017,2.202901723,7.244510283,-56.17012263,0.75
20.8083,556.0412279,60.49024459,-1.411658366,5.511276214,-53.97415088,0.75
21.0083,555.5373826,60.51810981,-3.618141182,4.614444082,-50.75027219,0.75
21.2083,554.7344095,60.47769977,-4.489378268,3.661790602,-47.50563695,0.75
21.4083,553.8257772,60.42049103,-4.741631434,2.366569438,-44.23781185,0.75
21.6,552.9300458,60.38616029,-4.791283442,1.315672756,-40.59957401,0.75
21.8083,552.0186362,60.29715477,-4.116875203,1.393321021,-35.31376432,0.75
22.0083,551.3932437,60.04831275,-2.372871058,2.822124902,-29.96208008,0.75
22.2083,551.2171615,59.59957219,0.3990476772,4.936668973,-25.22100933,0.75
22.425,551.6661347,58.97388056,3.689902818,6.949694991,-22.01812737,0.75
22.6083,552.7254087,58.28766308,6.675179718,8.492563786,-19.48530099,0.75
22.8167,554.3303402,57.5824755,9.145874231,9.64991581,-16.79377952,0.75
23.0083,556.2757224,56.91868024,10.97004715,10.50312399,-13.87219634,0.75
23.2167,558.7113366,56.22013823,12.194932,11.28706417,-10.26795772,0.75
23.4083,561.2221327,55.56364015,12.81220429,12.15651111,-6.490764538,0.75
23.6083,563.7347808,54.90647985,13.47236533,13.84299879,-2.731481005,0.75
23.8083,566.5567297,54.10867709,14.83347072,16.67260276,1.389422057,0.75
24.0083,569.7177554,53.15000866,16.87464239,19.24710459,5.705483626,0.75
24.2083,573.2611123,52.12544443,18.56380707,20.00485983,10.01744843,0.75
24.4083,577.0391061,51.15590239,19.23193386,19.17563229,14.14215116,0.75
24.6167,580.9519732,50.27778367,18.3070516,17.25121285,17.87410943,0.75
24.8083,584.2724483,49.58328756,16.51288058,16.42849913,20.33620108,0.75
25.0083,587.3969552,48.89260884,14.92456888,17.01454293,22.10505425,0.75
25.2083,590.2841064,48.16608021,14.07339225,18.29395432,22.87795229,0.75
25.4083,593.0787657,47.365746,13.98022207,19.32303556,22.91093641,0.75
25.6083,595.8580694,46.58821525,13.69366153,17.90593333,22.62977114,0.75
25.8083,598.4788441,45.96036456,12.38610991,14.95641014,22.27808982,0.75
26.0083,600.8059575,45.50898589,9.931887143,11.17648325,21.80218327,0.75
26.2083,602.4191594,45.28859418,6.949523315,7.415086463,20.95013065,0.75
26.4083,603.4408875,45.26299344,3.300147964,3.483622178,18.87568596,0.75
26.6167,603.6994337,45.45654694,-0.787207883,-0.3661716976,15.41510977,0.75
26.8167,603.175545,45.82802716,-4.607106872,-3.686288848,11.74270714,0.75
27.0083,601.8408861,46.40924671,-8.624081554,-7.097965661,7.963415434,0.75
27.2083,599.6878467,47.18616687,-12.74254387,-10.30846867,4.587665331,0.75
27.4167,596.5660789,48.18626609,-16.99488309,-12.99613958,2.261813555,0.75
27.6083,592.9346428,49.24336589,-20.67941453,-14.94657859,0.8526575099,0.75
27.8083,588.4245943,50.45806469,-24.20518283,-16.46098736,-0.054586399,0.75
28.0083,583.2561055,51.75613514,-27.28724443,-17.57363671,-0.4538400157,0.75
28.2083,577.5164617,53.11101055,-29.93859992,-18.40772186,-0.2819331497,0.75
28.4083,571.2931662,54.50005275,-32.13650442,-18.97187908,0.5130573946,0.75
28.6083,564.3920568,55.9645276,-33.97126592,-19.39617355,1.749150622,0.75
28.8083,557.7392136,57.32076883,-35.336484,-19.6997535,2.99894797,0.75
29.0083,550.5441238,58.74234129,-36.52260931,-19.91205876,4.163142196,0.75
29.2083,543.1354655,60.16165654,-37.51599338,-19.74970576,4.974847291,0.75
29.4083,535.5880199,61.54020032,-37.89857886,-18.7590314,5.469218791,0.75
29.6083,528.0519245,62.84074187,-37.47973699,-17.79155302,5.836908575,0.75
29.8083,520.6279264,64.06965269,-36.80464042,-17.14311903,6.245319837,0.75
30.0083,513.3482498,65.23262536,-36.01319688,-16.28316915,6.851370497,0.75
30.2083,506.2699204,66.30367027,-34.78095779,-14.9717435,7.635674676,0.75
30.4083,499.4988448,67.26453516,-32.96388105,-13.63424255,8.715258262,0.75
30.6083,493.109414,68.13557977,-30.98778399,-12.59880388,9.891499958,0.75
30.8083,487.1139039,68.93541017,-29.02831663,-11.69847637,10.67543941,0.75
31.0083,481.5070674,69.67179078,-27.09300088,-10.85873955,11.3907984,0.75
31.2083,476.0756077,70.37464658,-25.08696153,-10.00312701,12.29670589,0.75
31.4083,471.4482102,70.95856034,-23.21592742,-9.198188914,13.38305035,0.75
31.6083,467.0073903,71.48968815,-21.20121754,-8.389478105,14.43448418,0.75
31.8083,462.9665287,71.95185624,-19.26703261,-7.790563344,14.87452311,0.75
32.0083,459.2956455,72.36109948,-17.52291832,-7.318161594,14.63844803,0.75
32.2083,455.9533388,72.72988536,-16.0002071,-7.011318752,14.18027394,0.75
32.4083,452.8855692,73.07131717,-14.76875988,-6.87646466,13.66825293,0.75
32.6083,450.0257399,73.40304491,-13.92088353,-7.012158294,13.12633247,0.75
32.8083,447.2807871,73.74641055,-13.61674123,-7.42618875,12.57740227,0.75
33.0083,444.5431923,74.11350685,-13.80811415,-7.875421753,12.03888642,0.75
33.2083,441.7369924,74.50370219,-14.27552431,-8.26516179,11.46731016,0.75
33.4083,438.8214134,74.9167254,-14.89083172,-8.679078825,10.94026115,0.75
33.6083,435.7635852,75.35766351,-15.68123772,-9.19756948,10.64726714,0.75
33.8083,432.52325,75.83297685,-16.69252009,-9.831876435,10.85557536,0.75
34.0083,429.0564939,76.3452797,-17.90876788,-10.48951644,11.5023584,0.75
34.2083,425.3319284,76.89512558,-19.25390172,-11.13232639,12.25784756,0.75
34.4083,421.329924,77.48236959,-20.67717447,-11.76695781,12.99400545,0.75
34.6083,417.0373624,78.10634989,-22.15719978,-12.41011236,13.69025984,0.75
34.8083,412.4432424,78.76628841,-23.69100705,-13.07532952,14.35204475,0.75
35.0083,407.5372106,79.46145777,-25.2843702,-13.76281452,14.79438243,0.75
35.2083,402.3124888,80.19043781,-26.91032017,-14.45437153,14.53021262,0.75
35.4083,396.7637675,80.94853219,-28.54735781,-15.03346043,13.77442902,0.75
35.6083,390.9163405,81.71782998,-29.87395668,-15.23058482,12.65727148,0.75
35.8083,384.8607898,82.47630417,-30.67138132,-15.25071392,11.19229725,0.75
36.0083,378.6853127,83.21600409,-31.11465466,-15.26617941,9.439414586,0.75
36.2083,372.4407591,83.93698696,-31.3970221,-15.31325989,7.331293042,0.75
36.4083,366.1458491,84.64268515,-31.55579439,-15.45064152,5.035931241,0.75
36.6083,359.7683777,85.37776631,-32.56453221,-17.62411377,2.434923756,0.75
36.8083,352.8817862,86.20589961,-36.0567981,-21.06481196,-0.1836653142,0.5056270096
37.0083,345.2842098,87.10285318,-39.56977211,-24.00962765,-2.832228894,0.1026259378
37.2083,337.0076669,88.04061101,-43.18676998,-25.85714026,-5.491875948,0.1240621651
37.4167,327.9886624,89.00950905,-47.00312735,-23.44253796,-7.633597175,0.1240621651
37.6083,318.3338466,89.9464319,-49.57863601,-21.49471471,-9.128387275,0.1240621651
37.8083,308.568706,90.61981264,-47.53468051,-16.846025,-9.578978422,0.1240621651
38.0083,299.7568463,90.79542279,-40.47731287,-12.14636176,-9.623042415,0.1240621651
38.2083,292.5519138,90.63662613,-32.01218206,-9.539562649,-9.175236229,0.1240621651
38.4083,286.6305235,90.40852686,-25.38299142,-8.547774778,-8.259141714,0.1240621651
38.6083,282.2058744,90.17246667,-21.02660305,-7.665062058,-7.17144892,0.1240621651
38.8083,278.4041611,89.86158289,-17.14608937,-6.463515977,-6.2215919,0.1240621651
39.0083,275.3722675,89.45862515,-13.26382987,-4.879450725,-5.45857563,0.1240621651
39.2083,273.1544123,88.94734016,-8.994964773,-3.28798641,-4.661178762,0.1240621651
39.4083,271.7583425,88.37836628,-5.229450628,-2.702292338,-3.63247587,0.1240621651
39.6083,270.9521197,87.82301238,-3.064248163,-2.823154912,-2.358852224,0.1240621651
39.8167,270.4302335,87.25979475,-2.029640801,-2.712280608,-0.9551850512,0.1240621651
40.0083,270.1351166,86.71848653,-1.012660881,-2.100392621,0.3637728214,0.1240621651
40.2083,270.0647361,86.11222308,0.310875853,-1.444629743,1.72216456,0
40.4083,270.2647164,85.46790459,1.6743337,-0.8729485055,3.086862522,0
40.6083,270.7336068,84.7936579,3.004376517,-0.542428511,4.37651449,0
40.8083,271.419931,84.12837345,3.770089989,-1.229008231,5.234520745,0
41.0083,272.0716499,83.5449679,2.469254516,-3.580231316,5.345122005,0
41.2083,272.2139608,83.07605479,-0.976798771,-6.295789469,5.207100511,0
41.4083,271.6329137,82.70944577,-4.618477597,-8.630160777,5.028007409,0
41.6083,270.3211703,82.44269751,-8.363788612,-10.18358492,4.839378105,0
41.8083,268.164094,82.27041776,-12.2866546,-10.86084026,4.632893603,0
42.0083,265.4632185,82.20176822,-15.72995727,-11.08207384,4.382920729,0
42.2083,262.065116,82.18135384,-18.05419842,-11.28352235,4.036678203,0
42.4083,258.2727934,82.19525369,-19.83055622,-12.03328329,3.351509646,0
42.6083,254.0909908,82.25978657,-21.98122521,-12.82751281,2.106976817,0
42.8083,249.5204894,82.35282247,-23.5907365,-12.69001995,0.4706472341,0
43.0083,244.7347062,82.42940792,-24.28357865,-12.06048212,-1.205720195,0
43.2083,239.9379133,82.42638228,-23.50979973,-10.14850549,-2.456079335,0
43.4083,235.4963352,82.26439752,-20.89114641,-7.878318521,-3.342670846,0
43.6083,231.7056225,81.93749855,-17.10591349,-5.856511157,-4.053557692,0
43.8083,228.6799638,81.50624244,-13.34649044,-4.565679507,-4.659228419,0
44.0083,226.3312412,81.02359438,-10.34071959,-3.596045708,-4.803244421,0
44.2167,224.4923753,80.44924031,-7.414021897,-2.145308358,-3.90211583,0
44.4167,223.3466363,79.78339134,-4.039882301,-0.2239197985,-2.558392265,0
44.6083,222.9327994,79.0424435,-0.3836595848,1.160391724,-1.539969884,0
44.8083,223.175442,78.2472999,2.579658383,1.615471586,-1.091201963,0
45.0083,223.8872695,77.47263588,4.352928716,1.691485778,-1.041149917,0
45.2083,224.8677357,76.71240102,5.371108484,1.856588445,-0.8506130358,0
45.4083,226.0179336,75.95427169,6.082921273,2.018885206,-0.228334681,0
45.6083,227.2791022,75.20159422,6.495842299,2.038044424,0.5571386375,0
45.8083,228.6454667,74.43163258,6.592557464,1.90029009,1.464401926,0
46.0083,229.8949279,73.74251213,6.456552993,1.562774682,2.215288102,0
46.2083,231.1241435,73.0666349,5.7571043,0.5742886526,2.28237406,0
46.4083,232.1301255,72.46171678,4.270870722,-0.7283947209,1.459788869,0
46.6083,232.770818,71.94075592,2.125610611,-2.225144528,0.3023112413,0
46.8083,232.9306425,71.51023097,-0.4834681884,-3.699234592,-0.8719398085,0
47.0083,232.5451615,71.17148078,-3.290104584,-5.067174619,-1.996849534,0
47.2083,231.5930887,70.92268976,-6.130699074,-6.350263484,-3.063537262,0
47.4167,230.0750865,70.7613782,-8.948734378,-7.581609453,-4.074504613,0
47.6083,227.9997741,70.68396438,-11.68215233,-8.680938505,-5.025288997,0
47.8083,225.3901406,70.68465471,-14.44892904,-9.621439651,-5.850153597,0
48.0083,222.2721202,70.71076325,-16.32309328,-7.875309863,-6.178616411,0
48.2083,219.101099,70.5963809,-15.25432111,-5.160775231,-6.359885469,0
48.4083,216.3129608,70.29483517,-12.64557552,-2.72008185,-5.855442487,0
48.6083,214.14106,69.82616441,-9.121177354,-0.6752171195,-4.957381283,0
48.8083,212.6705007,69.2799315,-5.782297243,0.09331327963,-3.971017199,0
49.0083,211.7481195,68.7529381,-3.636763554,-0.0967083166,-2.907693413,0
49.2083,211.1327435,68.27072678,-2.621404124,-0.4841403132,-1.847205287,0
49.4083,210.6481537,67.82201327,-2.259962927,-0.7402654958,-0.8237907882,0
49.6083,210.2038511,67.39500299,-2.185091094,-0.8505181882,0.1538485997,0
49.8083,209.7619716,66.98172411,-2.218935502,-0.8722316566,1.163764521,0
50.0083,209.3098686,66.57721804,-2.277241951,-0.8606084479,2.2044522,0
50.2083,208.843433,66.18081434,-2.366301022,-0.8980299802,3.252884901,0
50.4083,208.3526545,65.79451777,-2.507839429,-0.9853504943,4.267201907,0
50.6083,207.8743239,65.45400161,-2.692864332,-1.271536917,4.829263602,0
50.8083,207.2320988,65.08723866,-3.257491847,-1.955369037,4.838091419,0
51.0083,206.4942937,64.79261242,-4.1161526,-2.693229739,4.499675169,0
51.2083,205.5625233,64.54282338,-5.196070483,-3.444921617,3.947120229,0
51.4083,204.4016884,64.33586323,-6.380944296,-4.055522325,3.072540286,0
51.6167,202.9454782,64.15923324,-7.581773101,-4.615885386,1.874653331,0
51.8083,201.3836275,64.02710245,-8.694846676,-4.893249581,0.723023525,0
52.0083,199.5585769,63.89969411,-9.522361931,-4.727711647,-0.4507209192,0
52.2083,197.6165518,63.75962413,-9.884180932,-4.336115524,-1.581813546,0
52.4083,195.635294,63.59605551,-9.924285429,-3.754250019,-2.798801185,0
52.6083,193.6899158,63.39497363,-9.536324805,-3.084200653,-4.066065497,0
52.8083,191.7647999,63.15796246,-9.00908561,-2.790899035,-4.966502635,0
53.0083,190.0693709,62.93314052,-8.70696221,-2.620103288,-4.990801116,0
53.2083,188.3605094,62.68258309,-8.376341678,-2.113769431,-4.532132077,0
53.4083,186.7564848,62.38970896,-7.643191739,-1.288414738,-4.00530337,0
53.6083,185.3307549,62.05592537,-6.652646676,-0.7580196109,-3.451804291,0
53.8083,184.0855253,61.70888181,-5.853805195,-0.5393894882,-2.764454151,0
54.0083,182.9794953,61.35602949,-5.228139281,-0.2301576702,-1.854984572,0
54.225,181.9595282,60.97061713,-4.565944433,0.3530153782,-0.7721922119,0
54.4083,181.159004,60.58689065,-3.790897535,1.070252785,0.2213300741,0
54.6083,180.4965164,60.1532371,-2.857433127,1.751035753,1.195753392,0
54.8083,180.0166514,59.69555375,-1.969037037,2.281734162,2.12550488,0
55.0167,179.6929082,59.20035916,-1.172733041,2.602993193,3.172330662,0
55.2083,179.514139,58.73940426,-0.7097390262,2.740533675,4.152298831,0
55.4083,179.4017847,58.25791345,-0.4228954121,2.892088343,5.120275873,0
55.6083,179.3377415,57.75536109,-0.1768744259,3.011273876,5.635555274,0
55.8083,179.3123837,57.3087444,-0.1268556886,2.643399796,5.568417963,0
56.0083,179.2487672,56.87028945,-0.525430997,1.886119523,5.115621054,0
56.2167,179.0817962,56.51911644,-1.22351484,1.12827558,4.479834536,0
56.4083,178.7429471,56.19752983,-2.16032161,0.3652684254,3.779542204,0
56.6083,178.2017778,55.91796195,-3.245515793,-0.1970662252,2.963783894,0
56.8083,177.4551526,55.66281408,-4.18886018,-0.2770065569,1.993698413,0
57.0083,176.5543824,55.40883506,-4.810486278,-0.04114231025,0.6467806133,0
57.2083,175.5636336,55.14498865,-5.11151677,0.2511834844,-0.8813346959,0
57.4167,174.4814925,54.86451008,-5.309412672,0.4099176336,-2.488302044,0
57.6083,173.4486519,54.61098387,-5.493367004,0.4696303421,-3.916186548,0
57.8083,172.3267826,54.35889093,-5.786013025,0.4414406323,-5.196993436,0
58.0083,171.1364123,54.11135653,-6.098529464,0.9923440409,-6.217403076,0
58.2083,169.9357821,53.83353584,-5.899492771,1.914974044,-7.052408221,0
58.4083,168.8083249,53.52180249,-5.391463536,2.625862545,-7.570563615,0
58.6083,167.7960932,53.18795412,-4.74557543,3.110830333,-7.777601904,0
58.8167,166.8768628,52.82575748,-4.087976346,3.550557738,-7.212541629,0
59.0083,166.1649302,52.47178771,-3.364545305,4.218398314,-6.019954079,0
59.2083,165.6004693,52.06139615,-2.289913253,5.112497973,-4.830409507,0
59.4083,165.2520546,51.62197974,-1.236462262,5.56583112,-3.939243781,0
59.6083,165.0922869,51.18006836,-0.4137247962,5.564012683,-3.172214602,0
59.8083,165.0514636,50.75410415,-0.07693113659,5.290762724,-2.493962211,0
60.0083,165.028392,50.33909504,-0.1665754916,5.130962906,-1.837984363,0
60.2083,164.9789135,49.92919171,-0.3102986531,5.179675572,-1.134336495,0
60.4083,164.9084383,49.51930608,-0.3750311626,5.340946789,-0.317804111,0
60.6083,164.8321459,49.10891639,-0.3679194347,5.502874286,0.6234503457,0
60.8083,164.7548564,48.70388331,-0.4039197459,5.500733694,1.69042932,0
61.0083,164.6529727,48.31412773,-0.6005276068,5.413948325,2.891083974,0
61.2083,164.5031186,47.94107806,-0.8562260983,5.413040907,4.186991059,0
61.4083,164.3075081,47.58482153,-1.092231727,5.218315208,4.863565031,0
61.6083,164.0520244,47.2580483,-1.44678494,4.771135256,4.821523271,0
61.8083,163.7115798,46.9750957,-2.000503999,3.955936977,4.177461749,0
62.0083,163.2147594,46.74685314,-2.950715531,3.330749901,2.949189168,0
62.2083,162.5560836,46.54580316,-3.608104929,3.292278562,1.628635903,0
62.4083,161.791573,46.35461095,-4.052664083,3.395941488,0.4720477724,0
62.6083,160.9456842,46.16867877,-4.413856056,3.745257093,-0.5049692366,0
62.8083,160.0546862,45.9748361,-4.505478933,4.383346657,-1.331051442,0
63.0083,159.1709281,45.76718737,-4.340474329,5.098604417,-2.000818573,0
63.2083,158.3386236,45.55234128,-4.009274974,5.584999845,-2.383410305,0
63.4083,157.5705617,45.34069206,-3.702993691,5.732101441,-2.57999067,0
63.6083,156.8569172,45.14194009,-3.443176827,5.87980514,-2.747530246,0
63.8083,156.5896016,44.64747152,-0.3157743496,5.409436292,-2.197290192,0
64.0083,156.531685,44.38321982,-0.2802580972,4.952208289,-1.762422321,0
64.2167,156.4627447,44.13631068,-0.3729743924,4.551048015,-1.27372758,0
64.4083,156.3852754,43.93332221,-0.3456576532,4.47073448,-0.4547506124,0
64.6083,156.3547777,43.71899287,-0.09639005612,4.97209253,-0.06861606848,0
64.8083,156.3351121,43.49831082,-0.1238201162,5.227272397,0.02966157705,0
65.0167,156.3005153,43.27034531,-0.1966606128,4.98687546,0.1057042569,0
65.2083,156.2630323,43.06920224,-0.14890055,4.530423925,0.1503860511,0
65.4083,156.2325389,42.86757279,-0.1523381191,4.445999423,0.1757652104,0
65.6083,156.2018335,42.68864804,-0.1666673269,4.390392926,0.1828586149,0
65.8083,156.1642844,42.47011344,-0.1653742468,4.360143171,0.1850886361,0
66.0083,156.1299937,42.28290432,-0.1960122578,4.326173631,0.1662157871,0
66.2083,156.0904808,42.08711083,-0.1972302753,4.315566895,0.1511298985,0
66.4083,156.0511303,41.89251347,-0.1965281228,4.313818472,0.1328458213,0
66.6083,156.0119172,41.701349,-0.1958598481,4.314043198,0.1197185168,0
66.8083,155.9728364,41.51472521,-0.1951036637,4.315133785,0.1161122898,0
67.0083,155.9339072,41.33267478,-0.1941458433,4.316598748,0.1225933925,0
67.2083,155.8951548,41.14333738,-0.1930278559,4.316826309,0.1376830408,0
67.4083,155.8560222,40.75094593,-0.1931286009,4.235934627,0.1612799299,0
67.6167,155.814516,40.09693093,-0.1940519804,4.063981743,0.1945100875,0
67.8083,155.7761578,39.3416232,-0.1932741077,3.890565819,0.2368298063,0
68.0083,155.7368921,38.50756709,-0.1898869095,3.762919165,0.2807413909,0
68.2083,155.6987594,37.63220378,-0.1847848816,3.673692991,0.315947728,0
68.4083,155.6618624,36.72025157,-0.1790038935,3.604931313,0.3464971332,0
68.6083,155.6262268,35.77596106,-0.17294205,3.546378226,0.3754420392,0
68.8083,155.591852,34.80478917,-0.1670364171,3.492976676,0.3904352319,0
69.0083,155.5591655,33.80878531,-0.1572472021,3.444440626,0.3799125599,0
69.2083,155.5283131,32.78639853,-0.149452763,3.399580026,0.351416158,0
69.4083,155.4986789,31.73696911,-0.1441490501,3.352368074,0.3325283347,0
69.6083,155.4700969,30.65803293,-0.1389398654,3.306636499,0.3184405912,0
69.8083,155.4425861,29.54922654,-0.1335060774,3.263103344,0.3042315518,0
70.0083,155.4161868,28.40996086,-0.1277325123,3.221242701,0.3052380235,0
70.2083,155.3909552,27.24262126,-0.1220761919,3.181273496,0.300659184,0
70.4083,155.3668812,26.04658352,-0.1162420539,3.141321527,0.2901427358,0
70.6083,155.3439588,24.82361713,-0.1103324823,3.099996256,0.2846982502,0
70.8167,155.3221937,23.57719232,-0.1048622354,3.057797668,0.2706573667,0
71.0083,155.301538,22.30831055,-0.09963260962,3.015272866,0.2356185894,0
71.2083,155.2819378,21.01691934,-0.09457286234,2.973528819,0.1902466101,0
71.4083,155.2633884,19.70500015,-0.08888908477,2.934355245,0.1660361708,0
71.6083,155.2459376,18.37165349,-0.08356596429,2.898211399,0.1454570558,0
71.8083,155.2295966,17.01806945,-0.07775648598,2.864534611,0.1364934856,0
72.0083,155.2144249,15.64579929,-0.0717240972,2.833254315,0.1416638169,0
72.2167,155.1999198,14.19792281,-0.0652381626,2.802909926,0.1564102086,0
72.4167,155.187789,12.85054686,-0.05932710334,2.776875548,0.1694957492,0
72.6083,155.1763723,11.43014975,-0.05301415776,2.751016133,0.1706555158,0
72.8083,155.1662367,9.996931405,-0.04662466027,2.726502376,0.1734789276,0
73.0083,155.157398,8.552831033,-0.04022475183,2.703864885,0.1735942018,0
73.2083,155.1498695,7.099758849,-0.03365426808,2.683731307,0.1733125971,0
73.4083,155.1435925,5.638537351,-0.02854095106,2.665156513,0.1764075019,0
73.6083,155.1384241,4.172369788,-0.02151395242,2.64033693,0.1755576136,0
73.8083,155.1347017,2.701938463,-0.01440779408,2.62117666,0.1761790098,0
74.0083,155.1324359,1.228738435,-0.007307731425,2.607833191,0.1780782571,0
74.2083,155.1317855,0.06224347446,-0.001079501188,2.622785934,0.1791779201,0
74.4083,155.1360154,0.1217758253,-0.001843493503,3.287528976,0.1784985969,0
74.6083,155.1391426,0.06805068324,-0.002046386811,3.833488098,0.1781425904,0
74.8083,155.1406196,0.03256993557,-0.001151141476,4.113726648,0.1778802446,0
75.0083,155.1412944,0.01500228999,-0.0005207169938,4.245192713,0.1776885703,0
75.2083,155.1416062,0.006786702901,-0.000206542466,4.305287334,0.1775701373,0
75.4083,155.1417519,0.003061083451,-7.166854796e-05,4.332408495,0.1775032533,0
75.6083,155.1418208,0.001374836104,-1.901457234e-05,4.344625911,0.1774725037,0
75.8083,155.1418538,0.0005536496027,-1.830034713e-06,4.350116191,0.177447263,0
76.0083,155.1418696,0.0002541827848,1.33403545e-05,4.352595679,0.1774386099,0
76.2083,155.1418766,0.0001102022134,5.570450442e-06,4.353508884,0.1775137227,0
76.4083,155.1418803,4.408088535e-05,4.310382122e-06,4.353937611,0.1775259161,0
76.6083,155.141882,2.204044268e-05,3.304477872e-06,4.35410495,0.1775452561,0
76.8083,155.1418828,0,2.420788952e-06,4.354155246,0.177567504,0
77.0083,155.1418832,0,1.71654093e-06,4.35416126,0.177589926,0
77.2083,155.1418833,0,1.162946746e-06,4.354156266,0.1776109402,0
77.4083,155.1418834,0,7.733540982e-07,4.35415282,0.1776296674,0
77.6167,155.1418835,0,5.016150067e-07,4.354155221,0.1776462819,0
77.8083,155.1418836,0,3.127519961e-07,4.354163278,0.1776588399,0
