t,alt_msl_m,ias_kt,vs_fpm,pitch_deg,roll_deg,hdg_deg,throttle
0.0,907.2,65.244,-700.0,2.001,-0.653,270.222,0.473
0.2,906.489,64.168,-700.0,2.113,2.855,269.315,0.402
0.4,905.778,65.6,-700.0,1.721,3.675,269.914,0.441
0.6,905.066,65.752,-700.0,1.964,-0.672,270.713,0.455
0.8,904.355,63.439,-700.0,1.361,3.81,269.914,0.473
1.0,903.644,63.958,-700.0,2.054,0.071,269.28,0.477
1.2,902.933,65.102,-700.0,2.18,3.507,270.757,0.459
1.4,902.222,64.747,-700.0,1.909,-0.187,270.273,0.468
1.6,901.51,64.987,-700.0,1.354,0.262,269.972,0.452
1.8,900.799,64.318,-700.0,2.395,0.731,269.851,0.43
2.0,900.088,65.704,-700.0,2.146,6.358,270.433,0.442
2.2,899.377,65.622,-700.0,1.71,1.703,269.783,0.451
2.4,898.666,65.053,-700.0,1.888,-1.415,270.459,0.449
2.6,897.954,65.902,-700.0,1.4,1.938,270.217,0.393
2.8,897.243,65.374,-700.0,1.59,-0.724,270.098,0.438
3.0,896.532,64.313,-700.0,1.785,-0.98,270.058,0.452
3.2,895.821,65.295,-700.0,2.491,1.817,269.93,0.442
3.4,895.11,64.233,-700.0,1.744,0.062,270.418,0.443
3.6,894.398,65.703,-700.0,2.256,0.557,269.654,0.465
3.8,893.687,64.96,-700.0,1.785,0.028,269.351,0.418
4.0,892.976,64.852,-700.0,2.099,0.673,270.246,0.401
4.2,892.265,64.455,-700.0,1.943,0.85,270.252,0.44
4.4,891.554,65.978,-700.0,2.349,-3.874,270.192,0.473
4.6,890.842,64.876,-700.0,1.786,1.333,270.163,0.501
4.8,890.131,64.657,-700.0,1.371,-1.964,269.872,0.473
5.0,889.42,64.718,-700.0,1.447,-2.885,270.315,0.406
5.2,888.709,65.426,-700.0,1.787,-0.117,269.982,0.443
5.4,887.998,65.292,-700.0,1.5,0.168,269.805,0.458
5.6,887.286,65.33,-700.0,2.164,-1.387,269.875,0.455
5.8,886.575,65.345,-700.0,1.814,1.662,270.808,0.466
6.0,885.864,66.713,-700.0,2.95,-2.684,269.306,0.422
6.2,885.153,64.675,-700.0,1.305,-0.814,270.2,0.452
6.4,884.442,64.59,-700.0,2.081,-1.17,269.328,0.463
6.6,883.73,64.349,-700.0,1.549,-0.093,269.957,0.475
6.8,883.019,65.493,-700.0,1.803,0.558,269.827,0.426
7.0,882.308,65.903,-700.0,2.057,-2.016,269.166,0.44
7.2,881.597,64.909,-700.0,1.07,1.449,270.156,0.369
7.4,880.886,64.328,-700.0,2.095,0.126,269.848,0.431
7.6,880.174,64.34,-700.0,2.761,-3.784,269.16,0.434
7.8,879.463,65.52,-700.0,1.819,-3.917,270.336,0.419
8.0,878.752,65.595,-700.0,2.104,-0.025,270.574,0.455
8.2,878.041,65.435,-700.0,2.41,-0.442,270.596,0.448
8.4,877.33,64.468,-700.0,1.934,-0.207,270.144,0.382
8.6,876.618,65.186,-700.0,1.768,-0.056,270.018,0.456
8.8,875.907,65.093,-700.0,1.09,0.451,270.531,0.422
9.0,875.196,65.175,-700.0,2.256,1.895,270.673,0.465
9.2,874.485,65.697,-700.0,1.955,-2.222,270.453,0.412
9.4,873.774,65.179,-700.0,1.595,-2.344,269.623,0.451
9.6,873.062,65.543,-700.0,2.051,-2.187,270.081,0.442
9.8,872.351,65.054,-700.0,1.767,0.578,270.176,0.459
10.0,871.64,65.231,-700.0,1.789,2.49,269.276,0.454
10.2,870.929,65.505,-700.0,2.243,-0.863,270.188,0.442
10.4,870.218,63.834,-700.0,1.465,-5.003,270.909,0.404
10.6,869.506,64.744,-700.0,2.419,-3.408,270.256,0.406
10.8,868.795,64.624,-700.0,1.441,-1.666,270.589,0.432
11.0,868.084,64.489,-700.0,1.735,-1.115,270.073,0.45
11.2,867.373,64.78,-700.0,2.769,-0.817,269.971,0.432
11.4,866.662,66.196,-700.0,2.451,0.077,270.153,0.469
11.6,865.95,64.307,-700.0,2.039,-0.623,269.674,0.442
11.8,865.239,65.775,-700.0,1.624,2.099,269.614,0.421
12.0,864.528,63.654,-700.0,1.788,-1.352,270.507,0.442
12.2,863.817,64.732,-700.0,2.029,-1.725,270.549,0.457
12.4,863.106,65.13,-700.0,2.015,0.958,269.604,0.46
12.6,862.394,65.469,-700.0,1.964,-3.071,270.387,0.506
12.8,861.683,65.569,-700.0,1.988,0.779,269.965,0.43
13.0,860.972,65.635,-700.0,1.914,0.205,270.136,0.448
13.2,860.261,64.721,-700.0,1.423,-0.295,270.184,0.463
13.4,859.55,64.63,-700.0,1.793,3.177,270.398,0.449
13.6,858.838,65.686,-700.0,2.366,-1.244,270.033,0.435
13.8,858.127,64.847,-700.0,1.453,4.121,270.564,0.404
14.0,857.416,63.979,-700.0,1.924,-0.451,270.124,0.435
14.2,856.705,64.093,-700.0,1.672,-2.554,270.25,0.418
14.4,855.994,64.264,-700.0,2.045,0.14,269.667,0.398
14.6,855.282,65.398,-700.0,1.845,-2.152,270.863,0.426
14.8,854.571,65.114,-700.0,2.591,-1.504,270.188,0.419
15.0,853.86,65.552,-700.0,2.203,0.794,270.285,0.468
15.2,853.149,64.658,-700.0,1.475,1.111,269.357,0.468
15.4,852.438,65.127,-700.0,2.268,-1.244,269.671,0.423
15.6,851.726,65.5,-700.0,1.69,1.975,270.495,0.442
15.8,851.015,64.753,-700.0,1.769,2.315,270.115,0.394
16.0,850.304,65.365,-700.0,2.126,2.873,269.234,0.435
16.2,849.593,64.47,-700.0,1.803,1.059,270.415,0.462
16.4,848.882,64.71,-700.0,2.357,2.727,269.782,0.475
16.6,848.17,64.695,-700.0,1.69,-3.762,270.565,0.429
16.8,847.459,64.043,-700.0,1.752,-0.636,269.965,0.482
17.0,846.748,65.39,-700.0,1.737,-1.734,270.082,0.405
17.2,846.037,64.624,-700.0,1.774,0.238,270.472,0.413
17.4,845.326,65.01,-700.0,2.44,-1.143,269.641,0.471
17.6,844.614,65.385,-700.0,2.252,-0.332,269.603,0.5
17.8,843.903,65.357,-700.0,2.684,3.764,269.921,0.465
18.0,843.192,65.532,-700.0,2.907,-0.339,270.331,0.449
18.2,842.481,64.921,-700.0,1.588,0.828,269.468,0.384
18.4,841.77,64.661,-700.0,2.028,-0.465,269.333,0.389
18.6,841.058,64.936,-700.0,1.53,0.151,270.329,0.454
18.8,840.347,63.65,-700.0,1.689,0.012,269.759,0.439
19.0,839.636,63.842,-700.0,1.748,0.897,269.843,0.417
19.2,838.925,63.942,-700.0,1.577,2.331,269.257,0.452
19.4,838.214,64.202,-700.0,1.579,3.295,269.728,0.453
19.6,837.502,65.32,-700.0,1.942,0.619,269.997,0.478
19.8,836.791,64.276,-700.0,1.513,1.179,270.372,0.454
20.0,836.08,64.697,-700.0,2.337,-2.302,269.692,0.487
20.2,835.369,66.039,-700.0,1.633,-0.176,270.663,0.45
20.4,834.658,64.715,-700.0,3.124,1.881,269.726,0.447
20.6,833.946,65.59,-700.0,1.819,1.732,269.727,0.482
20.8,833.235,64.253,-700.0,2.029,0.423,270.615,0.421
21.0,832.524,64.836,-700.0,1.482,1.773,270.085,0.534
21.2,831.813,64.24,-700.0,2.682,0.982,269.779,0.461
21.4,831.102,64.729,-700.0,2.448,2.401,269.938,0.461
21.6,830.39,65.672,-700.0,2.119,0.579,270.541,0.466
21.8,829.679,63.618,-700.0,1.461,-0.711,270.586,0.506
22.0,828.968,65.348,-700.0,2.084,0.672,269.673,0.474
22.2,828.257,65.19,-700.0,1.551,-5.861,269.983,0.402
22.4,827.546,64.525,-700.0,2.585,0.766,270.036,0.492
22.6,826.834,63.843,-700.0,2.324,-7.297,269.606,0.44
22.8,826.123,65.058,-700.0,2.038,-3.447,269.978,0.453
23.0,825.412,64.576,-700.0,1.025,0.904,270.002,0.412
23.2,824.701,65.186,-700.0,1.607,0.955,270.456,0.466
23.4,823.99,65.017,-700.0,2.275,-2.325,270.483,0.43
23.6,823.278,66.281,-700.0,2.485,-1.424,269.868,0.453
23.8,822.567,64.809,-700.0,2.444,2.741,269.914,0.441
24.0,821.856,64.181,-700.0,1.363,-0.968,270.266,0.508
24.2,821.145,65.143,-700.0,2.121,4.486,269.766,0.509
24.4,820.434,65.176,-700.0,2.406,-0.004,270.235,0.451
24.6,819.722,66.087,-700.0,1.337,0.816,269.965,0.452
24.8,819.011,65.668,-700.0,1.997,3.234,269.612,0.439
25.0,818.3,65.285,-700.0,2.11,0.262,269.617,0.483
25.2,817.589,66.171,-700.0,1.88,-2.005,270.579,0.44
25.4,816.878,64.049,-700.0,1.259,-0.219,269.937,0.437
25.6,816.166,64.488,-700.0,1.87,-0.071,270.656,0.479
25.8,815.455,64.259,-700.0,1.869,-2.729,269.795,0.434
26.0,814.744,64.688,-700.0,1.941,-0.512,270.116,0.449
26.2,814.033,63.899,-700.0,1.775,-1.484,270.957,0.403
26.4,813.322,65.508,-700.0,1.823,1.849,269.577,0.471
26.6,812.61,64.822,-700.0,1.984,0.069,269.241,0.508
26.8,811.899,63.823,-700.0,2.177,-0.566,270.515,0.472
27.0,811.188,64.188,-700.0,1.878,-0.212,269.669,0.494
27.2,810.477,65.251,-700.0,1.836,0.446,269.992,0.425
27.4,809.766,65.671,-700.0,2.037,1.234,269.766,0.457
27.6,809.054,66.597,-700.0,1.232,-1.999,270.107,0.422
27.8,808.343,67.331,-700.0,2.191,-2.083,269.62,0.443
28.0,807.632,65.332,-700.0,2.0,2.209,269.928,0.473
28.2,806.921,64.208,-700.0,2.016,-0.825,270.18,0.453
28.4,806.21,63.294,-700.0,2.384,-2.834,269.597,0.408
28.6,805.498,65.214,-700.0,1.219,0.888,269.72,0.411
28.8,804.787,64.35,-700.0,1.21,0.927,269.861,0.409
29.0,804.076,64.668,-700.0,2.11,-3.061,269.428,0.465
29.2,803.365,64.51,-700.0,1.997,0.459,269.831,0.512
29.4,802.654,64.887,-700.0,2.068,1.471,270.048,0.491
29.6,801.942,65.853,-700.0,1.815,0.749,269.84,0.393
29.8,801.231,65.126,-700.0,2.266,1.264,269.891,0.493
30.0,800.52,64.873,-700.0,2.373,-2.809,269.992,0.478
30.2,799.809,64.171,-700.0,2.194,0.662,269.738,0.404
30.4,799.098,63.66,-700.0,1.896,-0.605,270.276,0.441
30.6,798.386,64.611,-700.0,1.157,-0.966,270.574,0.483
30.8,797.675,64.957,-700.0,2.308,1.741,269.814,0.467
31.0,796.964,66.414,-700.0,2.489,2.959,270.194,0.411
31.2,796.253,65.104,-700.0,2.258,3.589,269.904,0.468
31.4,795.542,65.786,-700.0,1.648,2.63,270.146,0.386
31.6,794.83,64.601,-700.0,2.27,-0.219,270.626,0.443
31.8,794.119,64.052,-700.0,2.344,0.705,270.203,0.484
32.0,793.408,64.228,-700.0,2.624,1.534,269.291,0.451
32.2,792.697,64.42,-700.0,1.65,0.242,270.182,0.435
32.4,791.986,66.703,-700.0,1.909,0.262,270.493,0.477
32.6,791.274,64.343,-700.0,2.299,1.648,269.911,0.479
32.8,790.563,65.671,-700.0,2.023,-0.119,270.398,0.489
33.0,789.852,64.278,-700.0,1.553,-1.459,269.724,0.476
33.2,789.141,65.745,-700.0,2.166,-0.829,269.406,0.482
33.4,788.43,65.308,-700.0,2.231,1.268,270.056,0.472
33.6,787.718,64.875,-700.0,2.035,0.006,269.297,0.458
33.8,787.007,64.967,-700.0,2.088,0.68,269.904,0.453
34.0,786.296,64.476,-700.0,1.897,1.34,270.515,0.443
34.2,785.585,65.357,-700.0,2.591,-0.75,269.236,0.414
34.4,784.874,64.636,-700.0,1.64,1.512,269.488,0.421
34.6,784.162,64.02,-700.0,1.765,0.758,269.587,0.442
34.8,783.451,63.978,-700.0,2.004,-2.47,269.975,0.457
35.0,782.74,65.138,-700.0,2.352,2.885,269.854,0.493
35.2,782.029,66.263,-700.0,1.401,-1.001,270.56,0.449
35.4,781.318,65.128,-700.0,1.476,-3.31,270.382,0.48
35.6,780.606,64.905,-700.0,1.185,-2.09,270.198,0.482
35.8,779.895,65.229,-700.0,2.013,-2.042,270.058,0.443
36.0,779.184,66.045,-700.0,1.553,0.104,270.157,0.468
36.2,778.473,65.176,-700.0,1.846,-0.548,269.655,0.443
36.4,777.762,64.671,-700.0,2.265,-0.674,270.343,0.49
36.6,777.05,65.885,-700.0,1.743,1.239,269.555,0.469
36.8,776.339,65.343,-700.0,2.093,0.68,270.334,0.414
37.0,775.628,66.229,-700.0,1.88,0.632,270.474,0.455
37.2,774.917,65.147,-700.0,2.269,0.82,270.084,0.499
37.4,774.206,64.02,-700.0,2.19,1.232,269.93,0.445
37.6,773.494,63.905,-700.0,1.723,-4.216,270.16,0.463
37.8,772.783,66.321,-700.0,1.933,-0.729,268.855,0.466
38.0,772.072,66.379,-700.0,2.417,-4.36,270.121,0.419
38.2,771.361,64.856,-700.0,2.157,0.072,269.955,0.465
38.4,770.65,64.693,-700.0,1.441,-0.009,269.98,0.408
38.6,769.938,66.169,-700.0,2.262,2.091,270.283,0.431
38.8,769.227,64.114,-700.0,1.566,2.375,269.97,0.482
39.0,768.516,64.284,-700.0,2.565,0.406,269.544,0.461
39.2,767.805,65.515,-700.0,2.41,-1.001,269.943,0.441
39.4,767.094,64.684,-700.0,2.116,0.97,270.027,0.463
39.6,766.382,64.996,-700.0,2.063,-1.056,270.046,0.448
39.8,765.671,64.869,-700.0,1.916,-0.003,270.065,0.45
40.0,764.96,65.27,-700.0,2.271,1.972,270.416,0.47
40.2,764.249,66.126,-700.0,1.852,-1.116,269.566,0.428
40.4,763.538,65.072,-700.0,2.094,1.611,270.07,0.451
40.6,762.826,65.515,-700.0,2.349,1.355,270.516,0.441
40.8,762.115,63.36,-700.0,1.775,-1.91,269.306,0.402
41.0,761.404,64.961,-700.0,1.754,1.948,270.072,0.422
41.2,760.693,64.325,-700.0,1.522,1.397,269.766,0.497
41.4,759.982,64.025,-700.0,1.574,0.204,269.852,0.462
41.6,759.27,64.297,-700.0,1.269,-1.525,269.638,0.41
41.8,758.559,64.733,-700.0,2.292,-1.718,269.932,0.404
42.0,757.848,65.733,-700.0,2.724,-1.075,270.737,0.447
42.2,757.137,63.939,-700.0,2.57,1.085,269.494,0.497
42.4,756.426,65.025,-700.0,1.35,-1.911,269.532,0.444
42.6,755.714,64.613,-700.0,2.29,0.875,269.479,0.489
42.8,755.003,64.738,-700.0,2.569,-2.484,270.691,0.461
43.0,754.292,65.802,-700.0,1.817,-0.408,269.815,0.464
43.2,753.581,65.43,-700.0,2.041,0.219,269.99,0.41
43.4,752.87,66.07,-700.0,1.197,4.89,269.839,0.478
43.6,752.158,64.876,-700.0,2.107,-2.755,269.622,0.44
43.8,751.447,64.443,-700.0,1.575,2.944,269.906,0.476
44.0,750.736,64.821,-700.0,2.08,0.3,270.983,0.426
44.2,750.025,65.194,-700.0,1.376,0.822,270.557,0.455
44.4,749.314,65.141,-700.0,2.217,0.237,269.659,0.461
44.6,748.602,64.132,-700.0,2.41,0.889,270.259,0.445
44.8,747.891,65.072,-700.0,1.687,-0.307,269.667,0.462
45.0,747.18,65.183,-700.0,1.545,2.908,269.289,0.442
45.2,746.469,67.014,-700.0,1.138,-0.913,270.408,0.431
45.4,745.758,66.501,-700.0,1.893,2.264,270.464,0.498
45.6,745.046,64.317,-700.0,1.767,-1.289,270.418,0.481
45.8,744.335,64.77,-700.0,1.38,-0.121,269.812,0.427
46.0,743.624,63.829,-700.0,2.181,-2.144,269.933,0.467
46.2,742.913,64.527,-700.0,1.82,0.91,270.3,0.428
46.4,742.202,65.252,-700.0,1.57,2.89,270.157,0.414
46.6,741.49,65.965,-700.0,1.778,-0.155,269.843,0.481
46.8,740.779,64.417,-700.0,2.429,-0.394,269.352,0.399
47.0,740.068,64.477,-700.0,2.241,-2.229,270.046,0.478
47.2,739.357,63.282,-700.0,1.948,-0.459,270.432,0.442
47.4,738.646,64.87,-700.0,2.248,-3.186,269.521,0.444
47.6,737.934,64.15,-700.0,1.536,-1.826,270.256,0.462
47.8,737.223,64.576,-700.0,2.013,0.454,270.133,0.467
48.0,736.512,64.299,-700.0,2.059,2.638,270.3,0.425
48.2,735.801,64.925,-700.0,1.812,5.618,270.349,0.472
48.4,735.09,63.594,-700.0,2.174,-1.173,269.722,0.453
48.6,734.378,63.826,-700.0,1.688,2.871,269.353,0.412
48.8,733.667,66.703,-700.0,2.204,0.488,269.787,0.445
49.0,732.956,63.97,-700.0,2.221,-0.302,270.356,0.491
49.2,732.245,64.123,-700.0,0.833,0.865,269.783,0.5
49.4,731.534,66.47,-700.0,2.476,0.124,269.722,0.472
49.6,730.822,67.324,-700.0,0.781,0.221,269.271,0.414
49.8,730.111,64.063,-700.0,1.754,-0.817,270.701,0.465
50.0,729.4,64.705,-700.0,2.41,-2.796,270.33,0.476
50.2,728.689,65.273,-700.0,1.873,-3.087,270.308,0.472
50.4,727.978,66.383,-700.0,1.414,1.306,270.387,0.474
50.6,727.266,64.211,-700.0,1.563,-0.553,270.231,0.461
50.8,726.555,64.804,-700.0,2.411,-1.192,269.902,0.448
51.0,725.844,65.622,-700.0,1.231,0.017,269.934,0.432
51.2,725.133,65.348,-700.0,2.452,1.59,269.829,0.393
51.4,724.422,64.699,-700.0,1.978,0.361,271.054,0.46
51.6,723.71,64.893,-700.0,1.523,-1.312,270.222,0.456
51.8,722.999,63.9,-700.0,1.767,2.453,269.814,0.467
52.0,722.288,64.809,-700.0,1.593,3.158,270.186,0.41
52.2,721.577,64.787,-700.0,2.346,0.989,269.596,0.469
52.4,720.866,65.186,-700.0,2.293,1.947,270.602,0.512
52.6,720.154,64.556,-700.0,1.312,2.484,269.736,0.452
52.8,719.443,65.377,-700.0,1.839,2.26,270.2,0.448
53.0,718.732,65.81,-700.0,1.655,1.228,270.426,0.459
53.2,718.021,65.124,-700.0,2.517,1.197,270.154,0.511
53.4,717.31,65.281,-700.0,1.46,1.039,270.038,0.419
53.6,716.598,65.043,-700.0,2.642,-2.195,270.004,0.456
53.8,715.887,65.0,-700.0,1.987,1.401,269.977,0.426
54.0,715.176,64.423,-700.0,1.535,-2.712,269.769,0.434
54.2,714.465,65.253,-700.0,1.729,-1.589,269.82,0.449
54.4,713.754,64.922,-700.0,1.679,2.607,270.592,0.49
54.6,713.042,66.675,-700.0,1.49,1.68,269.957,0.504
54.8,712.331,66.259,-700.0,2.038,2.975,269.686,0.463
55.0,711.62,65.309,-700.0,1.509,-0.543,269.793,0.439
55.2,710.909,64.39,-700.0,1.128,-2.304,270.44,0.525
55.4,710.198,64.11,-700.0,1.848,-0.481,270.27,0.437
55.6,709.486,65.953,-700.0,1.279,0.204,270.224,0.433
55.8,708.775,65.21,-700.0,1.699,0.158,269.897,0.397
56.0,708.064,65.384,-700.0,1.636,2.267,270.229,0.492
56.2,707.353,63.604,-700.0,1.652,-0.723,269.743,0.479
56.4,706.642,65.742,-700.0,2.8,0.704,269.896,0.523
56.6,705.93,65.364,-700.0,2.023,-1.977,270.388,0.408
56.8,705.219,64.112,-700.0,2.098,0.901,270.35,0.494
57.0,704.508,64.623,-700.0,1.289,0.006,269.607,0.452
57.2,703.797,65.211,-700.0,1.738,-1.5,269.658,0.474
57.4,703.086,65.042,-700.0,2.086,-0.472,270.043,0.401
57.6,702.374,64.766,-700.0,1.59,-0.368,270.69,0.494
57.8,701.663,64.917,-700.0,2.363,-0.54,269.234,0.474
58.0,700.952,64.798,-700.0,1.519,3.543,270.111,0.449
58.2,700.241,65.122,-700.0,1.885,-0.197,269.45,0.469
58.4,699.53,66.177,-700.0,1.766,-0.488,269.746,0.427
58.6,698.818,62.947,-700.0,2.066,-4.195,269.854,0.433
58.8,698.107,64.811,-700.0,1.744,-1.788,269.832,0.436
59.0,697.396,65.141,-700.0,1.892,-0.526,269.786,0.394
59.2,696.685,65.237,-700.0,1.906,-1.372,270.003,0.476
59.4,695.974,64.702,-700.0,1.706,2.763,269.786,0.486
59.6,695.262,63.595,-700.0,2.194,-0.33,269.415,0.429
59.8,694.551,65.262,-700.0,2.095,2.577,270.312,0.46
60.0,693.84,66.382,-700.0,1.965,0.123,270.301,0.442
60.2,693.129,63.773,-700.0,1.828,0.074,270.337,0.46
60.4,692.418,65.691,-700.0,2.319,-0.178,269.384,0.431
60.6,691.706,64.737,-700.0,1.906,0.008,270.12,0.423
60.8,690.995,64.951,-700.0,1.877,3.438,270.27,0.482
61.0,690.284,64.158,-700.0,2.042,-4.639,269.588,0.448
61.2,689.573,64.732,-700.0,2.679,-4.003,270.004,0.511
61.4,688.862,66.04,-700.0,1.464,-1.086,269.953,0.451
61.6,688.15,65.466,-700.0,2.308,0.029,270.737,0.422
61.8,687.439,66.386,-700.0,1.243,1.38,270.77,0.487
62.0,686.728,65.942,-700.0,2.087,0.946,269.334,0.469
62.2,686.017,65.351,-700.0,2.63,-0.768,270.998,0.472
62.4,685.306,66.395,-700.0,2.195,2.038,269.634,0.486
62.6,684.594,65.351,-700.0,2.068,2.06,270.392,0.43
62.8,683.883,65.662,-700.0,1.776,0.368,270.388,0.446
63.0,683.172,64.763,-700.0,2.012,1.925,269.602,0.445
63.2,682.461,65.053,-700.0,1.899,0.545,270.197,0.411
63.4,681.75,64.442,-700.0,1.686,-1.123,269.957,0.442
63.6,681.038,65.792,-700.0,1.884,1.396,270.222,0.49
63.8,680.327,64.057,-700.0,2.079,0.221,270.092,0.457
64.0,679.616,65.626,-700.0,1.693,0.003,270.479,0.41
64.2,678.905,64.847,-700.0,1.677,2.946,270.03,0.403
64.4,678.194,65.937,-700.0,1.456,-4.902,269.933,0.5
64.6,677.482,65.601,-700.0,2.156,-2.835,270.438,0.447
64.8,676.771,66.457,-700.0,2.218,-2.374,270.232,0.431
65.0,676.06,65.585,-700.0,2.093,-0.727,270.293,0.442
65.2,675.349,63.742,-700.0,2.386,-0.509,269.734,0.406
65.4,674.638,64.946,-700.0,2.035,-3.015,269.582,0.493
65.6,673.926,64.062,-700.0,2.157,-1.97,269.773,0.438
65.8,673.215,64.585,-700.0,2.122,-1.722,269.752,0.491
66.0,672.504,66.209,-700.0,1.963,4.915,270.314,0.452
66.2,671.793,65.51,-700.0,1.788,3.603,270.39,0.493
66.4,671.082,64.441,-700.0,2.886,-0.823,269.938,0.458
66.6,670.37,64.189,-700.0,1.819,-0.727,270.572,0.476
66.8,669.659,65.026,-700.0,1.734,-2.298,270.547,0.472
67.0,668.948,64.027,-700.0,2.174,-3.816,270.097,0.469
67.2,668.237,64.463,-700.0,2.101,-0.234,269.671,0.46
67.4,667.526,65.25,-700.0,1.438,-1.996,270.63,0.443
67.6,666.814,65.924,-700.0,2.449,-0.17,269.976,0.507
67.8,666.103,65.487,-700.0,1.962,-3.2,270.05,0.423
68.0,665.392,63.167,-700.0,1.556,-1.524,269.864,0.45
68.2,664.681,65.243,-700.0,2.476,0.297,269.644,0.45
68.4,663.97,65.058,-700.0,2.25,0.732,269.413,0.462
68.6,663.258,65.331,-700.0,1.494,0.835,270.253,0.437
68.8,662.547,66.293,-700.0,2.711,-2.641,269.687,0.459
69.0,661.836,63.349,-700.0,2.264,1.709,271.224,0.445
69.2,661.125,64.527,-700.0,1.996,-1.6,269.566,0.403
69.4,660.414,65.473,-700.0,2.636,1.266,269.497,0.45
69.6,659.702,63.735,-700.0,2.064,-0.021,270.204,0.417
69.8,658.991,66.181,-700.0,1.989,-2.753,270.612,0.398
70.0,658.28,65.295,-700.0,1.736,-0.632,270.026,0.454
70.2,657.569,65.677,-700.0,2.233,0.731,270.229,0.465
70.4,656.858,64.543,-700.0,2.191,1.226,269.263,0.466
70.6,656.146,65.651,-700.0,2.006,-0.282,269.729,0.467
70.8,655.435,65.855,-700.0,1.684,3.064,269.571,0.392
71.0,654.724,65.186,-700.0,2.052,2.015,269.242,0.409
71.2,654.013,65.188,-700.0,1.972,-0.513,270.047,0.509
71.4,653.302,65.216,-700.0,1.467,1.5,269.103,0.419
71.6,652.59,64.309,-700.0,1.411,3.868,269.471,0.468
71.8,651.879,64.882,-700.0,2.226,3.921,269.785,0.429
72.0,651.168,64.878,-700.0,0.959,-2.456,269.667,0.452
72.2,650.457,65.307,-700.0,2.082,-1.853,270.159,0.431
72.4,649.746,65.8,-700.0,1.809,2.97,270.122,0.467
72.6,649.034,64.153,-700.0,2.523,-2.117,270.358,0.454
72.8,648.323,64.9,-700.0,1.803,-2.645,270.301,0.437
73.0,647.612,66.185,-700.0,2.264,-0.972,270.456,0.418
73.2,646.901,64.405,-700.0,1.841,0.84,269.999,0.458
73.4,646.19,64.342,-700.0,2.045,-0.205,270.121,0.414
73.6,645.478,65.162,-700.0,2.295,-1.301,270.205,0.463
73.8,644.767,65.676,-700.0,1.815,-1.348,270.057,0.529
74.0,644.056,65.009,-700.0,2.399,-1.425,269.841,0.491
74.2,643.345,66.063,-700.0,1.603,-1.759,269.867,0.472
74.4,642.634,65.685,-700.0,2.118,4.563,269.673,0.447
74.6,641.922,65.673,-700.0,2.369,0.595,270.169,0.392
74.8,641.211,65.443,-700.0,2.264,1.774,269.962,0.41
75.0,640.5,66.862,-700.0,2.767,-0.978,269.735,0.488
75.2,639.789,64.836,-700.0,1.695,-0.372,269.735,0.426
75.4,639.078,63.397,-700.0,1.448,-1.427,269.516,0.429
75.6,638.366,66.283,-700.0,1.602,-5.303,270.392,0.445
75.8,637.655,64.634,-700.0,2.264,-2.756,270.031,0.418
76.0,636.944,65.086,-700.0,2.199,-3.621,269.655,0.413
76.2,636.233,66.048,-700.0,2.041,-4.5,270.323,0.448
76.4,635.522,63.718,-700.0,1.551,-2.391,269.776,0.423
76.6,634.81,63.999,-700.0,2.307,2.65,269.437,0.428
76.8,634.099,63.719,-700.0,1.51,-0.089,270.408,0.427
77.0,633.388,64.365,-700.0,2.464,2.581,269.785,0.466
77.2,632.677,65.352,-700.0,3.143,0.822,269.836,0.443
77.4,631.966,65.419,-700.0,2.147,1.565,270.016,0.445
77.6,631.254,65.221,-700.0,2.233,-1.802,270.457,0.468
77.8,630.543,63.87,-700.0,1.803,1.048,270.008,0.446
78.0,629.832,63.152,-700.0,1.276,1.457,269.52,0.442
78.2,629.121,65.043,-700.0,1.759,-1.153,270.218,0.464
78.4,628.41,64.623,-700.0,1.563,1.119,269.806,0.47
78.6,627.698,65.368,-700.0,1.421,1.132,270.755,0.446
78.8,626.987,65.562,-700.0,2.689,-1.099,270.0,0.452
79.0,626.276,65.111,-700.0,2.109,-2.246,269.106,0.427
79.2,625.565,65.608,-700.0,2.152,-2.368,270.143,0.424
79.4,624.854,65.183,-700.0,1.876,0.173,270.778,0.473
79.6,624.142,65.424,-700.0,1.931,0.654,270.63,0.463
79.8,623.431,64.436,-700.0,2.386,-1.585,270.732,0.464
80.0,622.72,64.856,-700.0,1.987,0.053,269.592,0.458
80.2,622.009,65.157,-700.0,2.212,1.141,270.365,0.451
80.4,621.298,65.656,-700.0,1.922,1.236,269.711,0.471
80.6,620.586,64.685,-700.0,1.863,3.104,270.09,0.478
80.8,619.875,65.417,-700.0,1.437,2.554,269.491,0.477
81.0,619.164,64.787,-700.0,1.209,-2.003,269.742,0.447
81.2,618.453,64.906,-700.0,1.895,3.367,269.73,0.492
81.4,617.742,65.664,-700.0,2.023,-1.062,270.359,0.457
81.6,617.03,63.406,-700.0,1.486,2.09,270.32,0.469
81.8,616.319,63.963,-700.0,1.986,0.136,270.111,0.458
82.0,615.608,63.814,-700.0,2.022,-0.824,269.46,0.457
82.2,614.897,63.133,-700.0,1.138,-3.615,269.875,0.428
82.4,614.186,64.457,-700.0,1.634,-0.343,269.702,0.471
82.6,613.474,65.6,-700.0,2.163,-3.119,270.348,0.535
82.8,612.763,64.772,-700.0,2.155,1.935,270.471,0.439
83.0,612.052,65.158,-700.0,1.539,3.034,270.423,0.452
83.2,611.341,65.871,-700.0,2.063,-1.594,269.698,0.437
83.4,610.63,66.062,-700.0,2.409,0.604,268.904,0.435
83.6,609.918,64.945,-700.0,2.311,-1.451,269.293,0.496
83.8,609.207,66.083,-700.0,1.962,-1.257,270.569,0.43
84.0,608.496,65.074,-700.0,1.813,1.549,269.839,0.436
84.2,607.785,64.33,-700.0,1.748,-0.077,269.7,0.402
84.4,607.074,64.524,-700.0,2.187,3.479,270.657,0.427
84.6,606.362,63.816,-700.0,2.078,-0.964,270.506,0.399
84.8,605.651,64.289,-700.0,2.252,1.999,270.01,0.469
85.0,604.94,64.714,-700.0,2.053,0.195,269.883,0.534
85.2,604.229,65.643,-700.0,2.328,1.592,269.947,0.439
85.4,603.518,66.377,-700.0,2.038,-0.894,270.091,0.4
85.6,602.806,63.894,-700.0,2.314,-0.099,270.64,0.477
85.8,602.095,65.314,-700.0,2.348,-0.231,270.169,0.428
86.0,601.384,64.168,-700.0,1.678,-1.672,270.29,0.489
86.2,600.673,65.38,-700.0,1.277,1.324,270.468,0.442
86.4,599.962,64.895,-700.0,2.617,1.3,269.532,0.431
86.6,599.25,63.535,-700.0,2.103,1.187,270.302,0.445
86.8,598.539,65.743,-700.0,1.314,3.074,269.882,0.473
87.0,597.828,64.516,-700.0,1.714,2.899,268.994,0.443
87.2,597.117,64.573,-700.0,2.309,-0.75,269.149,0.435
87.4,596.406,64.144,-700.0,1.888,0.746,269.593,0.444
87.6,595.694,64.477,-1600.0,1.795,-1.247,270.212,0.412
87.8,594.069,65.342,-1600.0,2.56,0.047,270.046,0.462
88.0,592.443,64.849,-1600.0,1.581,-1.199,270.074,0.396
88.2,590.818,65.263,-1600.0,1.681,3.24,270.78,0.437
88.4,589.192,65.29,-1600.0,2.085,0.727,269.492,0.473
88.6,587.566,66.057,-1600.0,2.156,-0.436,269.989,0.459
88.8,585.941,64.726,-1600.0,2.199,2.387,270.122,0.468
89.0,584.315,63.819,-1600.0,2.364,-4.341,269.705,0.448
89.2,582.69,65.854,-1600.0,2.079,-4.028,270.011,0.485
89.4,581.064,64.735,-1600.0,2.196,1.592,269.36,0.478
89.6,579.438,65.892,-1600.0,1.896,0.121,270.564,0.463
89.8,577.813,65.307,-1600.0,2.025,0.501,269.727,0.478
90.0,576.187,64.895,-1600.0,2.043,-2.653,270.813,0.473
90.2,574.562,65.279,-1600.0,2.086,-0.046,269.987,0.437
90.4,572.936,66.561,-1600.0,2.309,4.007,270.411,0.41
90.6,571.31,66.662,-1600.0,2.222,1.648,269.979,0.463
90.8,569.685,65.056,-1600.0,2.018,0.339,269.988,0.466
91.0,568.059,65.128,-1600.0,1.676,-0.878,269.766,0.483
91.2,566.434,65.861,-1600.0,2.027,-0.789,270.048,0.422
91.4,564.808,64.323,-1600.0,1.989,-4.258,270.127,0.423
91.6,563.182,65.266,-1600.0,2.077,0.515,269.686,0.464
91.8,561.557,64.979,-1600.0,2.883,1.691,269.95,0.448
92.0,559.931,65.251,-1600.0,1.79,-3.151,269.756,0.393
92.2,558.306,64.333,-1600.0,2.169,25.974,270.92,0.461
92.4,556.68,63.728,-1600.0,2.427,25.008,269.964,0.394
92.6,555.054,63.342,-1600.0,2.039,24.796,270.618,0.422
92.8,553.429,64.106,-1600.0,2.935,23.529,269.922,0.491
93.0,551.803,64.633,-1600.0,1.849,25.503,270.104,0.505
93.2,550.178,64.765,-1600.0,2.13,22.586,269.471,0.414
93.4,548.552,66.55,-1600.0,1.68,25.648,269.821,0.44
93.6,546.926,65.885,-1600.0,1.859,23.508,270.084,0.451
93.8,545.301,64.23,-1600.0,2.1,25.053,270.634,0.503
94.0,543.675,65.278,-1600.0,2.339,24.881,270.089,0.435
94.2,542.05,64.674,-1600.0,2.128,26.17,270.553,0.436
94.4,540.424,64.773,-1600.0,2.504,24.821,270.256,0.496
94.6,538.798,65.148,-1600.0,1.962,24.306,270.651,0.439
94.8,537.173,65.495,-1600.0,1.867,24.493,269.976,0.472
95.0,535.547,64.729,-1600.0,3.082,26.273,270.956,0.406
95.2,533.922,65.851,-1600.0,2.158,25.536,269.806,0.445
95.4,532.296,64.086,-1600.0,1.712,24.614,269.693,0.4
95.6,530.67,65.005,-700.0,1.722,24.764,269.516,0.418
95.8,529.959,67.078,-700.0,1.623,23.433,270.932,0.475
96.0,529.248,65.178,-700.0,2.375,25.388,270.328,0.449
96.2,528.537,80.916,-700.0,1.854,23.24,269.866,0.44
96.4,527.826,82.345,-700.0,2.051,25.752,270.5,0.428
96.6,527.114,82.379,-700.0,1.975,25.129,270.275,0.443
96.8,526.403,83.287,-700.0,2.293,27.387,270.786,0.459
97.0,525.692,83.1,-700.0,1.661,23.9,269.381,0.479
97.2,524.981,81.868,-700.0,1.57,24.897,269.894,0.371
97.4,524.27,80.756,-700.0,2.09,26.798,269.815,0.425
97.6,523.558,81.681,-700.0,2.24,26.191,269.211,0.455
97.8,522.847,82.217,-700.0,2.133,24.304,270.424,0.447
98.0,522.136,81.798,-700.0,1.676,25.224,269.892,0.462
98.2,521.425,81.422,-700.0,2.271,-3.178,270.296,0.458
98.4,520.714,82.253,-700.0,1.702,-0.248,270.944,0.441
98.6,520.002,81.496,-700.0,1.791,1.484,269.859,0.434
98.8,519.291,81.372,-700.0,1.622,-3.756,269.832,0.443
99.0,518.58,82.311,-700.0,2.52,-2.15,270.047,0.484
99.2,517.869,81.598,-700.0,2.253,1.753,270.395,0.428
99.4,517.158,82.244,-700.0,2.242,0.54,269.773,0.448
99.6,516.446,82.273,-700.0,2.499,0.824,269.748,0.456
99.8,515.735,80.861,-700.0,3.125,3.719,270.423,0.497
100.0,515.024,81.519,-700.0,1.316,0.937,270.151,0.441
100.2,514.313,83.438,-700.0,1.705,1.316,269.182,0.479
100.4,513.602,80.838,-700.0,1.754,5.421,269.51,0.487
100.6,512.89,79.883,-700.0,1.66,-0.428,270.6,0.448
100.8,512.179,80.138,-700.0,1.569,-1.596,270.161,0.444
101.0,511.468,82.029,-700.0,1.88,0.856,269.695,0.44
101.2,510.757,82.031,-700.0,4.606,0.878,269.932,0.442
101.4,510.046,81.882,-700.0,-3.419,-1.053,270.005,0.476
101.6,509.334,83.214,-700.0,-1.167,-2.065,270.294,0.457
101.8,508.623,79.327,-700.0,6.806,4.62,269.457,0.457
102.0,507.912,82.396,-700.0,5.723,0.654,269.664,0.416
102.2,507.201,83.561,-700.0,-2.273,-1.465,270.109,0.421
102.4,506.49,80.872,-700.0,-2.652,1.832,269.96,0.514
102.6,505.778,81.62,-700.0,6.129,-0.218,270.229,0.445
102.8,505.067,81.247,-700.0,5.404,-0.506,269.508,0.427
103.0,504.356,81.106,-700.0,-1.4,1.125,270.143,0.493
103.2,503.645,65.535,-700.0,-2.609,-2.584,270.437,0.458
103.4,502.934,64.449,-700.0,4.722,0.705,270.195,0.467
103.6,502.222,65.718,-700.0,8.519,3.826,270.056,0.446
103.8,501.511,66.303,-700.0,-0.737,0.932,269.962,0.44
104.0,500.8,64.224,-700.0,-3.576,-0.752,269.666,0.445
104.2,500.089,64.29,-700.0,3.471,-1.014,269.971,0.409
104.4,499.378,66.069,-700.0,7.834,-0.821,270.504,0.447
104.6,498.666,64.847,-700.0,1.179,-0.508,269.952,0.459
104.8,497.955,66.123,-700.0,-3.924,-0.756,269.644,0.506
105.0,497.244,64.646,-700.0,2.509,1.833,269.803,0.453
105.2,496.533,66.164,-700.0,8.815,-3.466,270.08,0.38
105.4,495.822,65.105,-700.0,2.751,1.724,269.851,0.447
105.6,495.11,65.207,-700.0,-3.405,-0.759,270.194,0.532
105.8,494.399,66.252,-700.0,0.087,0.754,270.209,0.476
106.0,493.688,64.711,-700.0,8.166,-2.254,270.356,0.426
106.2,492.977,64.247,-700.0,3.752,2.657,270.569,0.468
106.4,492.266,64.641,-700.0,-2.775,2.491,270.398,0.428
106.6,491.554,65.362,-700.0,0.436,1.919,269.626,0.409
106.8,490.843,63.747,-700.0,6.993,-3.03,269.639,0.44
107.0,490.132,65.51,-700.0,4.211,1.658,269.97,0.453
107.2,489.421,64.569,-700.0,-2.952,0.81,269.82,0.394
107.4,488.71,65.918,-700.0,-1.368,-3.211,269.545,0.416
107.6,487.998,63.085,-700.0,6.439,-0.049,269.823,0.45
107.8,487.287,64.371,-700.0,6.772,0.729,269.81,0.438
108.0,486.576,63.651,-700.0,-0.922,1.112,269.731,0.462
108.2,485.865,64.339,-700.0,-2.775,0.355,269.874,0.414
108.4,485.154,65.198,-700.0,5.621,0.582,270.471,0.471
108.6,484.442,64.857,-700.0,7.981,2.947,270.08,0.414
108.8,483.731,64.797,-700.0,0.704,2.452,270.989,0.499
109.0,483.02,64.873,-700.0,-3.491,-5.734,270.068,0.399
109.2,482.309,65.163,-700.0,4.035,-0.635,269.884,0.417
109.4,481.598,64.193,-700.0,7.709,-0.329,270.002,0.463
109.6,480.886,65.565,-700.0,0.887,-3.504,270.103,0.5
109.8,480.175,65.53,-700.0,-2.964,0.188,270.174,0.459
110.0,479.464,65.308,-700.0,2.13,2.498,270.831,0.467
110.2,478.753,65.445,-700.0,8.471,-2.173,269.662,0.451
110.4,478.042,65.237,-700.0,2.826,0.673,270.344,0.419
110.6,477.33,66.628,-700.0,-4.246,-1.832,270.083,0.435
110.8,476.619,64.93,-700.0,0.514,-1.344,269.372,0.414
111.0,475.908,64.754,-700.0,8.568,2.955,270.308,0.412
111.2,475.197,64.397,-700.0,1.682,-1.085,270.507,0.462
111.4,474.486,64.174,-700.0,1.56,0.924,269.657,0.416
111.6,473.774,64.004,-700.0,2.094,-3.742,269.996,0.46
111.8,473.063,64.289,-700.0,2.06,3.725,269.31,0.411
112.0,472.352,64.943,-700.0,2.232,1.205,269.496,0.459
112.2,471.641,65.267,-700.0,2.874,-0.365,270.419,0.435
112.4,470.93,65.041,-700.0,2.111,1.151,269.813,0.492
112.6,470.218,64.388,-700.0,2.194,-2.82,269.556,0.46
112.8,469.507,65.72,-700.0,1.569,2.365,270.092,0.487
113.0,468.796,65.592,-700.0,1.485,-0.648,269.791,0.427
113.2,468.085,64.872,-700.0,2.633,-0.408,269.812,0.452
113.4,467.374,64.478,-700.0,1.631,-0.983,270.296,0.421
113.6,466.662,65.439,-700.0,1.582,-1.161,269.535,0.438
113.8,465.951,65.15,-700.0,1.984,1.389,269.638,0.442
114.0,465.24,63.841,-700.0,1.964,0.512,270.062,0.428
114.2,464.529,64.946,-700.0,1.639,1.303,270.388,0.414
114.4,463.818,65.21,-700.0,1.878,-0.018,270.495,0.408
114.6,463.106,64.28,-700.0,2.492,1.026,269.734,0.38
114.8,462.395,65.152,-700.0,1.678,-0.838,270.375,0.418
115.0,461.684,63.836,-700.0,1.443,4.459,269.686,0.469
115.2,460.973,66.069,-700.0,2.377,-3.136,270.73,0.402
115.4,460.262,65.998,-700.0,2.197,2.522,269.546,0.409
115.6,459.55,64.798,-700.0,1.752,2.736,270.531,0.504
115.8,458.839,65.291,-700.0,1.367,-1.704,269.737,0.431
116.0,458.128,63.072,-700.0,1.702,4.459,270.805,0.46
116.2,457.417,64.075,-700.0,1.978,1.991,270.237,0.469
116.4,456.706,64.765,-700.0,2.466,1.942,269.594,0.47
116.6,455.994,64.142,-700.0,1.585,0.056,269.791,0.404
116.8,455.283,65.572,-700.0,1.966,-0.434,270.312,0.443
117.0,454.572,66.598,-700.0,2.27,-0.419,270.421,0.401
117.2,453.861,64.059,-700.0,1.047,0.781,269.972,0.523
117.4,453.15,64.33,-700.0,2.414,2.802,270.018,0.402
117.6,452.438,65.188,-700.0,1.527,0.363,270.303,0.419
117.8,451.727,66.289,-700.0,2.133,-1.823,270.053,0.419
118.0,451.016,64.022,-700.0,2.099,1.649,269.483,0.405
118.2,450.305,65.199,-700.0,2.434,1.842,269.675,0.491
118.4,450.0,66.457,6.219,2.22,1.309,270.094,0.523
118.6,450.0,63.679,66.149,1.049,1.491,270.486,0.436
118.8,450.0,63.975,31.458,1.686,-0.542,270.646,0.41
119.0,450.0,64.661,-1.643,2.055,-1.858,270.312,0.383
119.2,450.0,64.584,55.366,1.922,-1.736,270.115,0.443
119.4,450.0,65.65,-0.771,2.191,-3.271,270.3,0.441
119.6,450.0,65.193,-26.532,2.316,0.474,269.733,0.43
119.8,450.0,63.58,-45.92,2.243,-0.167,269.939,0.457
120.0,450.0,65.412,44.743,1.914,-0.88,269.67,0.462
120.2,450.0,64.538,-15.453,1.261,-5.911,269.501,0.46
120.4,450.0,66.02,-1.709,1.818,-2.495,270.133,0.441
120.6,450.0,64.498,36.111,2.167,2.242,270.074,0.417
120.8,450.0,64.491,36.716,1.564,-1.329,270.275,0.47
121.0,450.0,65.433,8.637,2.253,0.721,270.218,0.45
121.2,450.0,65.61,86.59,2.363,-2.781,270.097,0.477
121.4,450.0,65.358,0.554,2.051,2.877,270.223,0.474
121.6,450.0,63.652,61.574,0.774,-0.288,269.983,0.407
121.8,450.0,65.43,-44.304,1.489,0.58,270.165,0.407
122.0,450.0,64.173,-0.207,2.754,4.652,269.71,0.427
122.2,450.0,65.188,-0.752,1.781,3.033,270.148,0.418
122.4,450.0,63.861,19.771,1.206,-0.613,270.267,0.473
122.6,450.0,65.357,-62.74,2.494,-1.186,269.732,0.461
122.8,450.0,64.355,-9.754,2.005,-0.651,270.021,0.483
123.0,450.0,63.974,-29.13,2.442,1.02,269.751,0.462
123.2,450.0,65.571,-78.448,2.111,-0.21,269.789,0.456
123.4,450.0,65.193,-7.737,2.183,-0.79,269.55,0.486
123.6,450.0,64.509,-33.502,2.145,2.934,270.506,0.464
123.8,450.0,66.161,-21.915,2.279,-0.228,270.426,0.452
124.0,450.0,64.647,-13.161,2.911,4.599,270.215,0.494
124.2,450.0,65.026,-18.139,2.388,0.181,270.789,0.453
124.4,450.0,65.215,37.886,1.368,3.571,269.924,0.441
124.6,450.0,64.504,-1.199,2.179,0.715,271.213,0.425
124.8,450.0,65.377,-30.511,2.457,1.926,269.909,0.471
125.0,450.0,64.573,-11.825,2.481,-1.449,270.102,0.487
125.2,450.0,64.671,2.367,1.829,-1.708,269.841,0.448
125.4,450.0,66.09,8.367,2.466,0.919,270.149,0.489
125.6,450.0,64.168,-19.778,2.371,1.977,270.334,0.391
125.8,450.0,63.07,1.729,3.029,0.081,269.954,0.448
126.0,450.0,66.289,21.112,1.7,-2.573,270.711,0.449
126.2,450.0,67.039,-0.354,1.797,-2.721,270.096,0.428
126.4,450.0,64.676,22.446,1.878,-2.854,270.108,0.522
126.6,450.0,63.451,45.186,1.804,-3.535,269.636,0.448
126.8,450.0,64.752,3.652,1.644,0.219,270.167,0.438
127.0,450.0,64.771,-8.168,0.895,2.25,269.946,0.451
127.2,450.0,64.848,6.841,1.826,-0.027,269.757,0.39
127.4,450.0,64.109,16.646,2.148,-4.521,269.689,0.427
127.6,450.0,65.464,14.151,1.803,-0.382,271.069,0.479
127.8,450.0,65.42,22.486,2.774,-0.326,269.895,0.431
128.0,450.0,63.804,-6.851,2.005,4.192,269.417,0.425
128.2,450.0,65.559,-16.694,2.516,-2.914,269.721,0.489
128.4,450.0,66.642,5.232,2.105,-0.781,269.979,0.49
128.6,450.0,65.138,-0.197,2.331,3.412,270.219,0.466
128.8,450.0,64.73,8.622,2.112,0.9,270.222,0.436
129.0,450.0,64.886,-9.241,2.548,1.127,270.271,0.443
129.2,450.0,65.492,-19.028,2.022,0.229,269.742,0.426
129.4,450.0,63.615,-21.131,2.198,0.66,270.136,0.42
129.6,450.0,65.132,-6.213,2.147,1.555,269.65,0.419
129.8,450.0,64.688,-6.529,1.885,-1.619,269.752,0.431
130.0,450.0,66.478,2.659,2.162,1.756,269.633,0.419
130.2,450.0,64.861,13.548,2.894,-2.746,269.525,0.403
130.4,450.0,66.334,2.484,1.892,0.657,270.426,0.457
130.6,450.0,64.117,19.842,2.168,0.357,270.275,0.457
130.8,450.0,65.47,-44.029,2.503,-1.233,270.391,0.501
131.0,450.0,65.256,-69.26,2.456,-0.045,270.016,0.43
131.2,450.0,64.305,0.009,2.005,-1.245,270.311,0.459
131.4,450.0,65.142,13.285,1.047,-2.143,269.295,0.459
131.6,450.0,65.97,68.219,2.207,-0.707,270.345,0.442
131.8,450.0,64.741,-29.861,1.112,-2.208,270.071,0.472
132.0,450.0,63.646,-42.818,2.588,0.646,270.251,0.473
132.2,450.0,64.986,-2.522,2.068,-2.3,270.152,0.46
132.4,450.0,64.278,-64.603,2.4,1.424,269.605,0.442
132.6,450.0,64.726,-30.898,1.639,-2.363,269.401,0.439
132.8,450.0,64.935,13.732,1.379,-1.133,269.715,0.409
133.0,450.0,63.635,18.647,2.104,-1.249,270.226,0.426
133.2,450.0,63.707,-12.117,1.987,2.65,270.276,0.431
133.4,450.0,65.386,10.634,1.803,0.661,269.453,0.416
133.6,450.0,64.582,3.047,2.034,-0.423,269.608,0.463
133.8,450.0,62.948,16.663,3.107,0.997,269.711,0.486
134.0,450.0,65.628,-34.462,2.334,-4.214,269.857,0.423
134.2,450.0,65.218,-10.848,2.42,-0.086,269.455,0.459
134.4,450.0,64.429,15.17,2.338,3.995,269.431,0.419
134.6,450.0,63.947,29.631,2.592,0.265,269.671,0.441
134.8,450.0,65.669,-27.702,1.924,0.136,270.035,0.429
135.0,450.0,65.279,13.106,1.178,1.096,269.528,0.468
135.2,450.0,66.906,35.976,1.925,1.791,269.954,0.43
135.4,450.0,65.336,-12.498,2.325,-3.995,270.423,0.48
135.6,450.0,65.31,20.179,1.612,-3.365,269.479,0.443
135.8,450.0,64.866,-98.13,1.929,0.421,269.917,0.431
136.0,450.0,65.653,-17.76,1.723,-1.43,270.41,0.412
136.2,450.0,65.5,60.177,2.601,2.624,269.833,0.458
136.4,450.0,66.001,-20.792,2.3,-0.63,269.771,0.477
136.6,450.0,64.583,-56.019,2.261,-3.869,270.465,0.458
136.8,450.0,64.652,13.354,2.249,-2.536,269.878,0.517
137.0,450.0,64.617,56.152,1.985,-5.499,270.442,0.493
137.2,450.0,65.633,-4.742,2.079,-0.468,270.172,0.441
137.4,450.0,66.199,-10.906,1.526,-0.377,269.863,0.44
137.6,450.0,64.633,23.932,1.125,-0.849,270.192,0.464
137.8,450.0,64.66,32.487,2.06,2.158,270.128,0.425
138.0,450.0,65.251,-32.775,2.13,2.397,270.408,0.485
138.2,450.0,64.803,-19.304,2.484,-0.341,269.781,0.461
138.4,450.0,65.762,-39.613,2.629,-4.269,270.016,0.458
138.6,450.0,63.199,-12.987,2.628,1.235,269.975,0.471
138.8,450.0,64.339,21.88,1.601,1.111,270.282,0.502
139.0,450.0,64.374,63.384,1.859,0.619,269.59,0.455
139.2,450.0,63.144,3.649,2.192,1.963,270.407,0.447
139.4,450.0,64.229,71.142,3.013,-2.33,270.187,0.495
139.6,450.0,64.268,-5.87,2.592,4.018,269.473,0.479
139.8,450.0,64.839,16.782,2.448,-1.919,270.483,0.44
140.0,450.0,65.89,23.102,1.845,1.498,270.894,0.45
140.2,450.0,64.804,7.467,1.647,-3.375,270.401,0.456
140.4,450.0,64.175,-34.16,2.316,-1.861,270.571,0.461
140.6,450.0,64.954,-19.747,1.56,3.033,270.034,0.409
140.8,450.0,65.839,-56.58,1.905,-0.522,269.335,0.404
141.0,450.0,64.219,0.3,1.954,1.68,269.262,0.423
141.2,450.0,64.272,36.681,2.637,0.474,270.102,0.421
141.4,450.0,65.447,21.761,1.858,-0.21,269.763,0.431
141.6,450.0,64.823,-15.248,1.024,2.728,269.634,0.469
141.8,450.0,65.518,18.59,2.202,-0.473,269.975,0.445
142.0,450.0,64.989,-5.819,1.72,-3.561,270.246,0.456
142.2,450.0,65.561,0.713,2.017,-1.606,269.419,0.413
142.4,450.0,64.172,23.042,1.965,1.102,269.82,0.436
142.6,450.0,64.99,17.074,1.891,0.791,270.604,0.468
142.8,450.0,64.831,-26.558,2.316,-3.134,269.57,0.468
143.0,450.0,64.027,41.022,1.387,-1.449,270.348,0.428
143.2,450.0,63.749,33.946,1.793,-1.163,269.806,0.455
143.4,450.0,65.549,-15.215,2.274,-0.731,270.218,0.516
143.6,450.0,64.719,20.673,1.754,-2.752,270.439,0.449
143.8,450.0,64.182,24.629,1.356,-1.257,270.297,0.429
144.0,450.0,64.923,-5.903,2.267,-1.457,270.364,0.445
144.2,450.0,65.902,47.703,2.449,1.543,269.539,0.453
144.4,450.0,63.175,33.168,1.982,1.618,270.445,0.445
144.6,450.0,63.803,-34.164,1.216,-0.292,269.659,0.449
144.8,450.0,64.262,20.423,2.282,-0.784,270.104,0.407
145.0,450.0,66.169,36.697,1.336,0.28,270.103,0.421
145.2,450.0,65.226,44.72,2.124,-1.633,270.194,0.446
145.4,450.0,65.614,-13.692,1.645,-2.294,270.135,0.445
145.6,450.0,64.088,47.473,1.536,-1.88,269.662,0.433
145.8,450.0,64.104,22.776,1.823,-1.27,269.46,0.445
146.0,450.0,65.358,14.198,1.927,-2.327,270.349,0.452
146.2,450.0,65.047,-13.733,1.742,0.324,270.074,0.477
146.4,450.0,65.439,24.384,2.235,1.459,270.46,0.447
146.6,450.0,64.85,-11.801,1.822,-3.174,269.982,0.462
146.8,450.0,65.223,-1.551,2.392,0.05,269.438,0.434
147.0,450.0,65.126,27.001,2.112,-0.44,270.386,0.467
147.2,450.0,65.622,-16.362,1.721,0.683,269.852,0.461
147.4,450.0,65.646,-24.671,1.654,-0.026,270.137,0.476
147.6,450.0,63.704,-43.689,1.341,-2.907,269.741,0.471
147.8,450.0,63.202,-23.848,2.116,-2.525,270.658,0.468
148.0,450.0,65.801,-34.207,1.858,0.059,269.649,0.447
148.2,450.0,65.95,-21.784,1.051,2.058,269.865,0.457
148.4,450.0,64.184,-35.451,1.786,-4.428,270.043,0.482
148.6,450.0,63.512,54.384,1.64,0.691,269.563,0.43
148.8,450.0,65.079,-6.612,2.63,2.379,270.132,0.431
149.0,450.0,65.745,-39.268,1.319,-0.306,270.645,0.455
149.2,450.0,66.438,24.948,1.423,1.1,269.804,0.462
149.4,450.0,65.413,-53.07,2.444,-1.406,270.158,0.425
149.6,450.0,64.703,48.744,2.543,-0.239,268.9,0.448
149.8,450.0,64.285,-19.071,1.702,-3.242,269.984,0.447
150.0,450.0,65.009,32.403,1.747,-4.689,269.875,0.384
150.2,450.0,64.761,12.058,2.246,1.886,269.673,0.443
150.4,450.0,64.188,12.207,1.069,-1.97,270.433,0.445
150.6,450.0,66.639,-33.039,1.256,-0.911,269.87,0.445
150.8,450.0,66.428,15.014,1.888,-2.773,269.929,0.492
151.0,450.0,65.909,-84.726,2.62,-2.82,269.849,0.414
151.2,450.0,64.263,31.117,1.826,-0.348,269.233,0.425
151.4,450.0,65.684,-43.154,2.04,-1.459,269.547,0.372
151.6,450.0,65.512,-40.032,2.454,0.756,270.384,0.436
151.8,450.0,65.354,-17.767,2.843,0.905,269.156,0.438
152.0,450.0,66.0,4.28,1.769,0.642,269.693,0.435
152.2,450.0,65.508,-29.327,1.993,0.477,269.84,0.483
152.4,450.0,65.592,21.525,2.729,3.156,270.697,0.476
152.6,450.0,65.51,-0.736,1.391,-2.135,270.307,0.452
152.8,450.0,65.273,-33.366,2.411,-0.11,269.777,0.439
153.0,450.0,63.573,-34.562,1.593,2.265,270.522,0.481
153.2,450.0,65.067,2.819,2.041,2.529,269.704,0.449
153.4,450.0,64.555,16.068,1.903,-2.844,270.404,0.425
153.6,450.0,63.976,22.487,1.617,-0.625,269.456,0.399
153.8,450.0,66.345,-40.261,1.607,2.716,270.429,0.437
154.0,450.0,66.383,-39.221,2.111,1.016,269.838,0.473
154.2,450.0,66.087,-3.009,2.398,0.391,269.589,0.518
154.4,450.0,65.204,-19.312,1.948,-0.435,269.913,0.452
154.6,450.0,66.081,34.022,2.028,-0.768,270.111,0.427
154.8,450.0,65.01,28.305,2.228,0.576,269.802,0.414
155.0,450.0,65.162,-15.04,1.611,-0.505,270.222,0.467
155.2,450.0,64.125,-27.911,2.296,-0.085,269.767,0.397
155.4,450.0,65.318,29.412,2.328,0.157,270.248,0.467
155.6,450.0,65.048,-51.057,3.041,-1.356,270.177,0.475
155.8,450.0,63.958,-22.424,1.85,1.064,269.976,0.463
156.0,450.0,64.959,-3.352,1.817,5.828,269.823,0.443
156.2,450.0,64.936,-35.05,2.308,-3.554,270.061,0.467
156.4,450.0,66.438,44.055,2.328,0.648,270.22,0.455
156.6,450.0,65.715,-14.666,1.786,-1.52,270.825,0.427
156.8,450.0,65.009,26.495,1.839,1.155,270.376,0.506
157.0,450.0,65.199,-21.923,2.216,0.093,270.39,0.439
157.2,450.0,65.035,23.401,1.669,1.524,271.235,0.473
157.4,450.0,64.838,-69.45,1.836,2.351,270.206,0.377
157.6,450.0,64.134,-10.364,2.036,0.385,270.194,0.488
157.8,450.0,64.879,-35.617,2.398,2.264,270.282,0.494
158.0,450.0,64.403,-3.361,1.758,-4.689,269.596,0.451
158.2,450.0,64.0,100.547,1.263,3.181,269.822,0.467
158.4,450.0,65.409,9.488,1.233,0.75,269.798,0.467
158.6,450.0,65.313,8.195,1.496,2.156,270.259,0.431
158.8,450.0,63.571,10.988,1.475,-2.44,269.93,0.466
159.0,450.0,64.902,-19.939,1.938,-1.662,270.055,0.426
159.2,450.0,65.797,-23.612,1.524,0.292,270.435,0.432
159.4,450.0,65.847,11.014,1.719,-0.034,270.345,0.484
159.6,450.0,65.821,-13.478,1.69,0.566,269.935,0.479
159.8,450.0,65.031,26.667,1.824,2.169,269.732,0.429
160.0,450.0,64.324,31.92,2.529,-3.53,270.454,0.428
